"","mode","alt","chid","X1.0","X0.1"
"1",0,"beach",1,-15.793,0.0678
"2",0,"boat",1,-15.793,0.2601
"3",1,"charter",1,-18.293,0.5391
"4",0,"pier",1,-15.793,0.0503
"13",0,"beach",4,-1.5134,0.0678
"14",0,"boat",4,-5.593,0.1643
"15",0,"charter",4,-8.493,0.5391
"16",1,"pier",4,-1.5134,0.0789
"29",0,"beach",8,-1.5134,0.0678
"30",0,"boat",8,-2.1714,0.0102
"31",1,"charter",8,-5.6714,0.0209
"32",0,"pier",8,-1.5134,0.0789
"33",0,"beach",9,-3.4914,0.2537
"34",1,"boat",9,-3.4914,0.0233
"35",0,"charter",9,-5.3414,0.0219
"36",0,"pier",9,-3.4914,0.1498
"49",0,"beach",13,-1.7862,0.1049
"50",0,"boat",13,-0.4122,0.0023
"51",0,"charter",13,-2.8122,0.0046
"52",1,"pier",13,-1.7862,0.0451
"69",0,"beach",18,-3.3462,0.1049
"70",0,"boat",18,-0.7722,0.0613
"71",0,"charter",18,-3.1722,0.3087
"72",1,"pier",18,-3.3462,0.0079
"77",0,"beach",20,-4.9062,0.1049
"78",1,"boat",20,-1.1322,0.1574
"79",0,"charter",20,-3.5322,0.4671
"80",0,"pier",20,-4.9062,0.0451
"85",0,"beach",22,-8.8062,0.1049
"86",0,"boat",22,-2.0322,0.0023
"87",1,"charter",22,-4.4322,0.0046
"88",0,"pier",22,-8.8062,0.0451
"89",0,"beach",23,-10.0674,0.5333
"90",1,"boat",23,-1.5134,0.1665
"91",0,"charter",23,-5.0134,0.3975
"92",0,"pier",23,-10.0674,0.4522
"97",0,"beach",25,-3.3462,0.0678
"98",0,"boat",25,-3.432,0.0559
"99",1,"charter",25,-6.932,0.6456
"100",0,"pier",25,-3.3462,0.0789
"101",1,"beach",26,-6.7784,0.5333
"102",0,"boat",26,-1.7862,0.2413
"103",0,"charter",26,-5.2862,1.0266
"104",0,"pier",26,-6.7784,0.4522
"105",0,"beach",27,-5.032,0.1049
"106",0,"boat",27,-4.9062,0.1574
"107",0,"charter",27,-7.3062,0.4671
"108",1,"pier",27,-5.032,0.0451
"129",0,"beach",33,-3.3462,0.1049
"130",1,"boat",33,-0.7722,0.0023
"131",0,"charter",33,-3.1722,0.0046
"132",0,"pier",33,-3.3462,0.0451
"149",0,"beach",38,-2.5648,0.2537
"150",1,"boat",38,-8.0608,0.0531
"151",0,"charter",38,-10.5608,0.0052
"152",0,"pier",38,-2.5648,0.1498
"161",0,"beach",41,-1.0296,0.0678
"162",1,"boat",41,-4.6332,0.1643
"163",0,"charter",41,-7.5332,0.5391
"164",0,"pier",41,-1.0296,0.0789
"169",0,"beach",43,-23.1472,0.5333
"170",1,"boat",43,-1.5096,0.2413
"171",0,"charter",43,-5.0096,1.0266
"172",0,"pier",43,-23.1472,0.4522
"173",0,"beach",44,-5.9248,0.2537
"174",0,"boat",44,-18.6208,0.7369
"175",1,"charter",44,-21.1208,2.3101
"176",0,"pier",44,-5.9248,0.1498
"177",0,"beach",45,-23.1472,0.5333
"178",0,"boat",45,-1.5096,0.2413
"179",1,"charter",45,-5.0096,1.0266
"180",0,"pier",45,-23.1472,0.4522
"181",0,"beach",46,-1.9896,0.0678
"182",0,"boat",46,-8.9532,0.0014
"183",0,"charter",46,-11.8532,0.0029
"184",1,"pier",46,-1.9896,0.0789
"189",0,"beach",48,-8.0608,0.5333
"190",0,"boat",48,-1.7404,0.2413
"191",1,"charter",48,-5.2404,1.0266
"192",0,"pier",48,-8.0608,0.4522
"193",1,"beach",49,-2.4334,0.0678
"194",0,"boat",49,-8.993,0.1643
"195",0,"charter",49,-11.893,0.5391
"196",0,"pier",49,-2.4334,0.0789
"197",1,"beach",50,-1.1322,0.0678
"198",0,"boat",50,-9.3092,0.1643
"199",0,"charter",50,-12.2092,0.5391
"200",0,"pier",50,-1.1322,0.0789
"217",0,"beach",55,-4.1514,0.1049
"218",0,"boat",55,-2.8934,0.0613
"219",1,"charter",55,-5.2934,0.3087
"220",0,"pier",55,-4.1514,0.0079
"221",0,"beach",56,-2.1714,0.1049
"222",0,"boat",56,-1.5134,0.0023
"223",1,"charter",56,-3.9134,0.0046
"224",0,"pier",56,-2.1714,0.0451
"233",0,"beach",59,-24.4944,0.5333
"234",1,"boat",59,-1.3122,0.0156
"235",0,"charter",59,-4.8122,0.0058
"236",0,"pier",59,-24.4944,0.4522
"241",0,"beach",61,-0.5922,0.0678
"242",0,"boat",61,-4.8692,0.0014
"243",0,"charter",61,-7.7692,0.0029
"244",1,"pier",61,-0.5922,0.0789
"249",0,"beach",63,-17.7744,0.5333
"250",0,"boat",63,-0.9522,0.0361
"251",1,"charter",63,-4.4522,0.4216
"252",0,"pier",63,-17.7744,0.0069
"257",0,"beach",65,-0.9522,0.0678
"258",0,"boat",65,-7.8292,0.1643
"259",0,"charter",65,-10.7292,0.5391
"260",1,"pier",65,-0.9522,0.0789
"261",0,"beach",66,-7.6944,0.5333
"262",0,"boat",66,-0.4122,0.2413
"263",1,"charter",66,-3.9122,1.0266
"264",0,"pier",66,-7.6944,0.4522
"265",0,"beach",67,-17.7744,0.5333
"266",1,"boat",67,-0.9522,0.2413
"267",0,"charter",67,-4.4522,1.0266
"268",0,"pier",67,-17.7744,0.4522
"269",0,"beach",68,-17.7744,0.5333
"270",0,"boat",68,-0.9522,0.1665
"271",1,"charter",68,-4.4522,0.3975
"272",0,"pier",68,-17.7744,0.4522
"273",0,"beach",69,-24.4944,0.5333
"274",1,"boat",69,-1.3122,0.2413
"275",0,"charter",69,-4.8122,1.0266
"276",0,"pier",69,-24.4944,0.4522
"289",0,"beach",73,-34.5744,0.5333
"290",0,"boat",73,-1.8522,0.1665
"291",1,"charter",73,-5.3522,0.3975
"292",0,"pier",73,-34.5744,0.4522
"293",0,"beach",74,-24.4944,0.5333
"294",1,"boat",74,-1.3122,0.0361
"295",0,"charter",74,-4.8122,0.4216
"296",0,"pier",74,-24.4944,0.0069
"301",1,"beach",76,-0.9522,0.0678
"302",0,"boat",76,-7.8292,0.1643
"303",0,"charter",76,-10.7292,0.5391
"304",0,"pier",76,-0.9522,0.0789
"317",0,"beach",80,-11.0544,0.5333
"318",1,"boat",80,-0.5922,0.2413
"319",0,"charter",80,-4.0922,1.0266
"320",0,"pier",80,-11.0544,0.4522
"321",0,"beach",81,-7.6944,0.5333
"322",0,"boat",81,-0.4122,0.0156
"323",1,"charter",81,-3.9122,0.0058
"324",0,"pier",81,-7.6944,0.4522
"337",0,"beach",85,-3.3462,0.2537
"338",0,"boat",85,-3.3462,0.0626
"339",1,"charter",85,-5.1962,0.2773
"340",0,"pier",85,-3.3462,0.0014
"353",0,"beach",89,-10.0674,0.5333
"354",0,"boat",89,-1.5134,0.2413
"355",0,"charter",89,-5.0134,1.0266
"356",1,"pier",89,-10.0674,0.4522
"357",0,"beach",90,-10.4214,0.2537
"358",0,"boat",90,-10.4214,0.2339
"359",0,"charter",90,-12.2714,0.6288
"360",1,"pier",90,-10.4214,0.1498
"365",0,"beach",92,-4.8114,0.1049
"366",0,"boat",92,-3.3534,0.1574
"367",1,"charter",92,-5.7534,0.4671
"368",0,"pier",92,-4.8114,0.0451
"377",0,"beach",95,-42.2984,0.5333
"378",1,"boat",95,-11.1462,0.0051
"379",0,"charter",95,-14.6462,1.0266
"380",0,"pier",95,-42.2984,0.4522
"381",0,"beach",96,-5.6862,0.0678
"382",0,"boat",96,-5.832,0.0102
"383",1,"charter",96,-9.332,0.0209
"384",0,"pier",96,-5.6862,0.0789
"397",1,"beach",100,-3.174,0.2537
"398",0,"boat",100,-3.8088,0.2339
"399",0,"charter",100,-5.6588,0.6288
"400",0,"pier",100,-3.174,0.1498
"401",1,"beach",101,-1.974,0.2537
"402",0,"boat",101,-2.3688,0.2339
"403",0,"charter",101,-4.2188,0.6288
"404",0,"pier",101,-1.974,0.1498
"405",0,"beach",102,-3.174,0.2537
"406",0,"boat",102,-3.8088,0.2339
"407",0,"charter",102,-5.6588,0.6288
"408",1,"pier",102,-3.174,0.1498
"417",0,"beach",105,-26.1366,0.0678
"418",0,"boat",105,-6.174,0.0732
"419",1,"charter",105,-9.124,0.1726
"420",0,"pier",105,-26.1366,0.0052
"421",0,"beach",106,-26.8702,0.5333
"422",0,"boat",106,-14.677,0.1665
"423",1,"charter",106,-18.177,0.3975
"424",0,"pier",106,-26.8702,0.4522
"425",0,"beach",107,-5.574,0.2537
"426",0,"boat",107,-22.1102,0.6817
"427",1,"charter",107,-24.6102,2.3014
"428",0,"pier",107,-5.574,0.1498
"441",0,"beach",111,-5.6862,0.0678
"442",1,"boat",111,-5.832,0.0108
"443",0,"charter",111,-9.332,0.2377
"444",0,"pier",111,-5.6862,0.0025
"449",0,"beach",113,-4.6258,0.0678
"450",0,"boat",113,-1.832,0.0732
"451",1,"charter",113,-4.782,0.1726
"452",0,"pier",113,-4.6258,0.0052
"457",0,"beach",115,-6.4662,0.0678
"458",0,"boat",115,-6.632,0.0559
"459",1,"charter",115,-10.132,0.6456
"460",0,"pier",115,-6.4662,0.0789
"461",0,"beach",116,-4.232,0.1049
"462",0,"boat",116,-4.1262,0.1574
"463",1,"charter",116,-6.5262,0.4671
"464",0,"pier",116,-4.232,0.0451
"469",0,"beach",118,-7.7234,0.0678
"470",0,"boat",118,-7.3002,0.0102
"471",1,"charter",118,-10.8002,0.0209
"472",0,"pier",118,-7.7234,0.0789
"485",0,"beach",122,-20.527,0.0678
"486",1,"boat",122,-9.474,0.0897
"487",0,"charter",122,-12.974,1.0905
"488",0,"pier",122,-20.527,0.0789
"489",0,"beach",123,-5.577,0.0678
"490",0,"boat",123,-2.574,0.0897
"491",1,"charter",123,-6.074,1.0905
"492",0,"pier",123,-5.577,0.0789
"497",0,"beach",125,-12.077,0.0678
"498",1,"boat",125,-5.574,0.0102
"499",0,"charter",125,-9.074,0.0209
"500",0,"pier",125,-12.077,0.0789
"509",0,"beach",128,-13.4366,0.0678
"510",0,"boat",128,-3.174,0.0732
"511",1,"charter",128,-6.124,0.1726
"512",0,"pier",128,-13.4366,0.0052
"521",0,"beach",131,-20.527,0.0678
"522",1,"boat",131,-9.474,0.0108
"523",0,"charter",131,-12.974,0.2377
"524",0,"pier",131,-20.527,0.0025
"525",0,"beach",132,-10.777,0.0678
"526",0,"boat",132,-4.974,0.0559
"527",1,"charter",132,-8.474,0.6456
"528",0,"pier",132,-10.777,0.0789
"533",0,"beach",134,-10.8966,0.0678
"534",1,"boat",134,-2.574,0.0143
"535",0,"charter",134,-5.524,0.0289
"536",0,"pier",134,-10.8966,0.0503
"537",0,"beach",135,-28.6766,0.0678
"538",1,"boat",135,-6.774,0.0143
"539",0,"charter",135,-9.724,0.0289
"540",0,"pier",135,-28.6766,0.0503
"541",0,"beach",136,-37.5802,0.5333
"542",1,"boat",136,-20.527,0.0156
"543",0,"charter",136,-24.027,0.0058
"544",0,"pier",136,-37.5802,0.4522
"545",0,"beach",137,-6.877,0.0678
"546",0,"boat",137,-3.174,0.0108
"547",1,"charter",137,-6.674,0.2377
"548",0,"pier",137,-6.877,0.0025
"549",0,"beach",138,-6.877,0.0678
"550",0,"boat",138,-3.174,0.0559
"551",1,"charter",138,-6.674,0.6456
"552",0,"pier",138,-6.877,0.0789
"553",0,"beach",139,-6.7784,0.5333
"554",0,"boat",139,-1.7862,0.0361
"555",1,"charter",139,-5.2862,0.4216
"556",0,"pier",139,-6.7784,0.0069
"569",0,"beach",143,-7.2462,0.0678
"570",1,"boat",143,-7.432,0.0897
"571",0,"charter",143,-10.932,1.0905
"572",0,"pier",143,-7.2462,0.0789
"573",0,"beach",144,-4.9062,0.0678
"574",0,"boat",144,-5.032,0.0108
"575",1,"charter",144,-8.532,0.2377
"576",0,"pier",144,-4.9062,0.0025
"581",0,"beach",146,-8.5698,0.1049
"582",0,"boat",146,-6.0306,0.0023
"583",1,"charter",146,-8.4306,0.0046
"584",0,"pier",146,-8.5698,0.0451
"601",0,"beach",151,-21.2658,0.5333
"602",0,"boat",151,-6.0306,0.0156
"603",1,"charter",151,-9.5306,0.0058
"604",0,"pier",151,-21.2658,0.4522
"605",0,"beach",152,-9.2058,0.5333
"606",0,"boat",152,-2.6106,0.0156
"607",1,"charter",152,-6.1106,0.0058
"608",0,"pier",152,-9.2058,0.4522
"617",0,"beach",155,-32.331,0.5333
"618",1,"boat",155,-5.6372,0.2413
"619",0,"charter",155,-9.1372,1.0266
"620",0,"pier",155,-32.331,0.4522
"621",0,"beach",156,-7.1214,0.0678
"622",1,"boat",156,-7.1214,0.0276
"623",0,"charter",156,-9.6214,0.0029
"624",0,"pier",156,-7.1214,0.0503
"625",0,"beach",157,-9.435,0.1049
"626",1,"boat",157,-4.2772,0.1574
"627",0,"charter",157,-6.6772,0.4671
"628",0,"pier",157,-9.435,0.0451
"629",0,"beach",158,-10.935,0.1049
"630",0,"boat",158,-4.9572,0.0023
"631",1,"charter",158,-7.3572,0.0046
"632",0,"pier",158,-10.935,0.0451
"637",0,"beach",160,-20.631,0.5333
"638",0,"boat",160,-3.5972,0.2413
"639",1,"charter",160,-7.0972,1.0266
"640",0,"pier",160,-20.631,0.4522
"649",0,"beach",163,-6.435,0.2537
"650",0,"boat",163,-16.731,0.6817
"651",1,"charter",163,-19.231,2.3014
"652",0,"pier",163,-6.435,0.1498
"665",0,"beach",167,-7.1214,0.0678
"666",1,"boat",167,-7.1214,0.2601
"667",0,"charter",167,-9.6214,0.5391
"668",0,"pier",167,-7.1214,0.0503
"677",0,"beach",170,-10.4414,0.0678
"678",0,"boat",170,-10.4414,0.2601
"679",1,"charter",170,-12.9414,0.5391
"680",0,"pier",170,-10.4414,0.0503
"681",0,"beach",171,-17.5748,0.2537
"682",1,"boat",171,-17.5748,0.0233
"683",0,"charter",171,-19.4248,0.0219
"684",0,"pier",171,-17.5748,0.1498
"689",0,"beach",173,-24.334,0.5333
"690",0,"boat",173,-5.29,0.0156
"691",1,"charter",173,-8.79,0.0058
"692",0,"pier",173,-24.334,0.4522
"693",1,"beach",174,-2.2372,0.0678
"694",0,"boat",174,-5.4614,0.1643
"695",0,"charter",174,-8.3614,0.5391
"696",0,"pier",174,-2.2372,0.0789
"697",0,"beach",175,-20.631,0.5333
"698",0,"boat",175,-3.5972,0.0361
"699",1,"charter",175,-7.0972,0.4216
"700",0,"pier",175,-20.631,0.0069
"701",0,"beach",176,-2.9172,0.0678
"702",0,"boat",176,-6.435,0.0897
"703",1,"charter",176,-9.935,1.0905
"704",0,"pier",176,-2.9172,0.0789
"721",1,"beach",181,-4.9572,0.0678
"722",0,"boat",181,-12.1014,0.1643
"723",0,"charter",181,-15.0014,0.5391
"724",0,"pier",181,-4.9572,0.0789
"725",0,"beach",182,-15.1008,0.5333
"726",0,"boat",182,-3.2604,0.2413
"727",1,"charter",182,-6.7604,1.0266
"728",0,"pier",182,-15.1008,0.4522
"745",0,"beach",187,-25.2858,0.5333
"746",0,"boat",187,-7.1706,0.0361
"747",1,"charter",187,-10.6706,0.4216
"748",0,"pier",187,-25.2858,0.0069
"753",1,"beach",189,-3.4914,0.2537
"754",0,"boat",189,-3.4914,0.2339
"755",0,"charter",189,-5.3414,0.6288
"756",0,"pier",189,-3.4914,0.1498
"761",0,"beach",191,-13.7648,0.1049
"762",0,"boat",191,-9.3404,0.0613
"763",1,"charter",191,-11.7404,0.3087
"764",0,"pier",191,-13.7648,0.0079
"765",0,"beach",192,-22.1408,0.5333
"766",0,"boat",192,-4.7804,0.0051
"767",1,"charter",192,-8.2804,1.0266
"768",0,"pier",192,-22.1408,0.4522
"769",0,"beach",193,-20.631,0.5333
"770",1,"boat",193,-3.5972,0.1665
"771",0,"charter",193,-7.0972,0.3975
"772",0,"pier",193,-20.631,0.4522
"789",0,"beach",198,-7.5504,0.0678
"790",0,"boat",198,-7.5504,0.2601
"791",0,"charter",198,-10.0504,0.5391
"792",1,"pier",198,-7.5504,0.0503
"793",0,"beach",199,-2.6106,0.0678
"794",0,"boat",199,-3.7098,0.0108
"795",1,"charter",199,-7.2098,0.2377
"796",0,"pier",199,-2.6106,0.0025
"813",0,"beach",204,-2.6106,0.0678
"814",0,"boat",204,-4.0304,0.0499
"815",0,"charter",204,-6.9304,0.2421
"816",1,"pier",204,-2.6106,0.0025
"817",0,"beach",205,-13.2258,0.5333
"818",0,"boat",205,-3.7506,0.2413
"819",1,"charter",205,-7.2506,1.0266
"820",0,"pier",205,-13.2258,0.4522
"825",0,"beach",207,-6.9498,0.1049
"826",1,"boat",207,-4.8906,0.0023
"827",0,"charter",207,-7.2906,0.0046
"828",0,"pier",207,-6.9498,0.0451
"829",0,"beach",208,-7.0448,0.1049
"830",1,"boat",208,-4.7804,0.1574
"831",0,"charter",208,-7.1804,0.4671
"832",0,"pier",208,-7.0448,0.0451
"833",0,"beach",209,-11.664,0.0678
"834",0,"boat",209,-11.664,0.0276
"835",1,"charter",209,-14.164,0.0029
"836",0,"pier",209,-11.664,0.0503
"841",0,"beach",211,-8.0608,0.5333
"842",0,"boat",211,-1.7404,0.2413
"843",1,"charter",211,-5.2404,1.0266
"844",0,"pier",211,-8.0608,0.4522
"849",0,"beach",213,-29.1808,0.5333
"850",0,"boat",213,-6.3004,0.0156
"851",1,"charter",213,-9.8004,0.0058
"852",0,"pier",213,-29.1808,0.4522
"877",0,"beach",220,-16.1874,0.5333
"878",0,"boat",220,-2.4334,0.0156
"879",1,"charter",220,-5.9334,0.0058
"880",0,"pier",220,-16.1874,0.4522
"885",0,"beach",222,-25.2858,0.5333
"886",0,"boat",222,-7.1706,0.0156
"887",1,"charter",222,-10.6706,0.0058
"888",0,"pier",222,-25.2858,0.4522
"889",0,"beach",223,-25.5798,0.1049
"890",1,"boat",223,-18.0006,0.1574
"891",0,"charter",223,-20.4006,0.4671
"892",0,"pier",223,-25.5798,0.0451
"893",0,"beach",224,-7.1706,0.0678
"894",0,"boat",224,-11.0704,0.0971
"895",1,"charter",224,-13.9704,0.1648
"896",0,"pier",224,-7.1706,0.0789
"897",0,"beach",225,-9.2058,0.5333
"898",1,"boat",225,-2.6106,0.2413
"899",0,"charter",225,-6.1106,1.0266
"900",0,"pier",225,-9.2058,0.4522
"901",0,"beach",226,-8.1648,0.1049
"902",0,"boat",226,-5.5404,0.1574
"903",1,"charter",226,-7.9404,0.4671
"904",0,"pier",226,-8.1648,0.0451
"909",0,"beach",228,-22.1408,0.5333
"910",0,"boat",228,-4.7804,0.0361
"911",1,"charter",228,-8.2804,0.4216
"912",0,"pier",228,-22.1408,0.0069
"921",0,"beach",231,-1.1322,0.0678
"922",0,"boat",231,-1.1322,0.0276
"923",0,"charter",231,-3.6322,0.0029
"924",1,"pier",231,-1.1322,0.0503
"929",0,"beach",233,-1.7986,0.0678
"930",1,"boat",233,-1.7986,0.0014
"931",0,"charter",233,-4.6986,0.0029
"932",0,"pier",233,-1.7986,0.0789
"945",1,"beach",237,-2.1386,0.0678
"946",0,"boat",237,-2.1386,0.1491
"947",0,"charter",237,-4.6386,0.2421
"948",0,"pier",237,-2.1386,0.0052
"957",0,"beach",240,-3.2242,0.0678
"958",1,"boat",240,-0.5922,0.0014
"959",0,"charter",240,-3.4922,0.0029
"960",0,"pier",240,-3.2242,0.0789
"965",0,"beach",242,-1.1322,0.0678
"966",1,"boat",242,-1.1322,0.0276
"967",0,"charter",242,-3.6322,0.0029
"968",0,"pier",242,-1.1322,0.0503
"969",1,"beach",243,-0.9522,0.0678
"970",0,"boat",243,-0.9522,0.0276
"971",0,"charter",243,-3.4522,0.0029
"972",0,"pier",243,-0.9522,0.0503
"973",1,"beach",244,-7.1442,0.0678
"974",0,"boat",244,-1.3122,0.1643
"975",0,"charter",244,-4.2122,0.5391
"976",0,"pier",244,-7.1442,0.0789
"1005",0,"beach",252,-13.511,0.5333
"1006",1,"boat",252,-2.061,0.2413
"1007",0,"charter",252,-5.561,1.0266
"1008",0,"pier",252,-13.511,0.4522
"1009",0,"beach",253,-0.458,0.0678
"1010",0,"boat",253,-0.458,0.023
"1011",1,"charter",253,-2.958,0.1648
"1012",0,"pier",253,-0.458,0.0503
"1033",0,"beach",259,-21.45,0.5333
"1034",1,"boat",259,-0.429,0.0051
"1035",0,"charter",259,-3.929,1.0266
"1036",0,"pier",259,-21.45,0.4522
"1045",1,"beach",262,-0.4122,0.0678
"1046",0,"boat",262,-0.4122,0.2601
"1047",0,"charter",262,-2.9122,0.5391
"1048",0,"pier",262,-0.4122,0.0503
"1049",0,"beach",263,-0.5922,0.0678
"1050",0,"boat",263,-0.5922,0.0276
"1051",0,"charter",263,-3.0922,0.0029
"1052",1,"pier",263,-0.5922,0.0503
"1057",0,"beach",265,-0.5922,0.0678
"1058",1,"boat",265,-0.5922,0.0276
"1059",0,"charter",265,-3.0922,0.0029
"1060",0,"pier",265,-0.5922,0.0503
"1061",0,"beach",266,-1.587,0.0678
"1062",0,"boat",266,-1.587,0.0276
"1063",0,"charter",266,-4.087,0.0029
"1064",1,"pier",266,-1.587,0.0503
"1085",0,"beach",272,-16.45,0.5333
"1086",1,"boat",272,-0.329,0.1665
"1087",0,"charter",272,-3.829,0.3975
"1088",0,"pier",272,-16.45,0.4522
"1093",0,"beach",274,-0.329,0.0678
"1094",1,"boat",274,-0.329,0.0014
"1095",0,"charter",274,-3.229,0.0029
"1096",0,"pier",274,-0.329,0.0789
"1097",0,"beach",275,-0.529,0.0678
"1098",0,"boat",275,-0.529,0.0971
"1099",1,"charter",275,-3.429,0.1648
"1100",0,"pier",275,-0.529,0.0789
"1109",0,"beach",278,-0.729,0.0678
"1110",0,"boat",278,-0.729,0.0014
"1111",1,"charter",278,-3.629,0.0029
"1112",0,"pier",278,-0.729,0.0789
"1113",1,"beach",279,-1.329,0.0678
"1114",0,"boat",279,-1.329,0.1643
"1115",0,"charter",279,-4.229,0.0041
"1116",0,"pier",279,-1.329,0.0789
"1117",0,"beach",280,-21.45,0.5333
"1118",0,"boat",280,-0.429,0.2413
"1119",1,"charter",280,-3.929,1.0266
"1120",0,"pier",280,-21.45,0.4522
"1121",0,"beach",281,-0.429,0.0678
"1122",0,"boat",281,-0.429,0.023
"1123",1,"charter",281,-2.929,0.1648
"1124",0,"pier",281,-0.429,0.0503
"1125",0,"beach",282,-16.6212,0.1049
"1126",0,"boat",282,-0.729,0.0613
"1127",1,"charter",282,-3.129,0.3087
"1128",0,"pier",282,-16.6212,0.0079
"1129",0,"beach",283,-0.629,0.0678
"1130",0,"boat",283,-0.629,0.0971
"1131",1,"charter",283,-3.529,0.1648
"1132",0,"pier",283,-0.629,0.0789
"1133",0,"beach",284,-18.9012,0.1049
"1134",1,"boat",284,-0.829,0.0613
"1135",0,"charter",284,-3.229,0.3087
"1136",0,"pier",284,-18.9012,0.0079
"1153",0,"beach",289,-7.5012,0.2537
"1154",0,"boat",289,-7.5012,0.0233
"1155",0,"charter",289,-9.3512,0.0219
"1156",1,"pier",289,-7.5012,0.1498
"1157",0,"beach",290,-0.429,0.0678
"1158",0,"boat",290,-0.429,0.1643
"1159",0,"charter",290,-3.329,0.5391
"1160",1,"pier",290,-0.429,0.0789
"1161",0,"beach",291,-21.45,0.5333
"1162",1,"boat",291,-0.429,0.0051
"1163",0,"charter",291,-3.929,1.0266
"1164",0,"pier",291,-21.45,0.4522
"1165",0,"beach",292,-7.5012,0.1049
"1166",1,"boat",292,-0.329,0.1574
"1167",0,"charter",292,-2.729,0.4671
"1168",0,"pier",292,-7.5012,0.0451
"1181",0,"beach",296,-84.3186,0.5333
"1182",1,"boat",296,-5.3686,0.2413
"1183",0,"charter",296,-8.8686,1.0266
"1184",0,"pier",296,-84.3186,0.4522
"1185",0,"beach",297,-36.45,0.5333
"1186",0,"boat",297,-0.729,0.0051
"1187",1,"charter",297,-4.229,1.0266
"1188",0,"pier",297,-36.45,0.4522
"1189",0,"beach",298,-31.45,0.5333
"1190",0,"boat",298,-0.629,0.2413
"1191",1,"charter",298,-4.129,1.0266
"1192",0,"pier",298,-31.45,0.4522
"1197",0,"beach",300,-26.45,0.5333
"1198",1,"boat",300,-0.529,0.2413
"1199",0,"charter",300,-4.029,1.0266
"1200",0,"pier",300,-26.45,0.4522
"1205",0,"beach",302,-9.7812,0.1049
"1206",1,"boat",302,-0.429,0.0023
"1207",0,"charter",302,-2.829,0.0046
"1208",0,"pier",302,-9.7812,0.0451
"1209",0,"beach",303,-0.329,0.0678
"1210",0,"boat",303,-0.329,0.0276
"1211",0,"charter",303,-2.829,0.0029
"1212",1,"pier",303,-0.329,0.0503
"1213",1,"beach",304,-0.829,0.0678
"1214",0,"boat",304,-0.829,0.2601
"1215",0,"charter",304,-3.329,0.5391
"1216",0,"pier",304,-0.829,0.0503
"1217",0,"beach",305,-1.058,0.0678
"1218",0,"boat",305,-1.058,0.0276
"1219",1,"charter",305,-3.558,0.0029
"1220",0,"pier",305,-1.058,0.0503
"1225",1,"beach",307,-3.8386,0.0678
"1226",0,"boat",307,-3.8386,0.2601
"1227",0,"charter",307,-6.3386,0.5391
"1228",0,"pier",307,-3.8386,0.0503
"1229",0,"beach",308,-0.858,0.0678
"1230",1,"boat",308,-0.858,0.0276
"1231",0,"charter",308,-3.358,0.0029
"1232",0,"pier",308,-0.858,0.0503
"1233",0,"beach",309,-3.861,0.0678
"1234",0,"boat",309,-0.858,0.0499
"1235",1,"charter",309,-3.758,0.2421
"1236",0,"pier",309,-3.861,0.0025
"1237",0,"beach",310,-0.429,0.0678
"1238",0,"boat",310,-0.429,0.2601
"1239",1,"charter",310,-2.929,0.5391
"1240",0,"pier",310,-0.429,0.0503
"1245",0,"beach",312,-7.5012,0.1049
"1246",0,"boat",312,-0.329,0.0023
"1247",1,"charter",312,-2.729,0.0046
"1248",0,"pier",312,-7.5012,0.0451
"1253",0,"beach",314,-0.529,0.0678
"1254",1,"boat",314,-0.529,0.0276
"1255",0,"charter",314,-3.029,0.0029
"1256",0,"pier",314,-0.529,0.0503
"1257",0,"beach",315,-14.3412,0.1049
"1258",0,"boat",315,-0.629,0.1574
"1259",1,"charter",315,-3.029,0.4671
"1260",0,"pier",315,-14.3412,0.0451
"1265",0,"beach",317,-0.629,0.0678
"1266",0,"boat",317,-0.629,0.1643
"1267",1,"charter",317,-3.529,0.5391
"1268",0,"pier",317,-0.629,0.0789
"1269",0,"beach",318,-0.629,0.0678
"1270",1,"boat",318,-0.629,0.2601
"1271",0,"charter",318,-3.129,0.5391
"1272",0,"pier",318,-0.629,0.0503
"1277",0,"beach",320,-0.329,0.0678
"1278",0,"boat",320,-0.329,0.1491
"1279",0,"charter",320,-2.829,0.2421
"1280",1,"pier",320,-0.329,0.0052
"1289",0,"beach",323,-0.229,0.0678
"1290",0,"boat",323,-0.229,0.2601
"1291",0,"charter",323,-2.729,0.5391
"1292",1,"pier",323,-0.229,0.0503
"1297",1,"beach",325,-0.429,0.0678
"1298",0,"boat",325,-0.429,0.2601
"1299",0,"charter",325,-2.929,0.5391
"1300",0,"pier",325,-0.429,0.0503
"1305",0,"beach",327,-0.729,0.0678
"1306",1,"boat",327,-0.729,0.2601
"1307",0,"charter",327,-3.229,0.5391
"1308",0,"pier",327,-0.729,0.0503
"1309",0,"beach",328,-1.329,0.0678
"1310",0,"boat",328,-1.329,0.2601
"1311",0,"charter",328,-3.829,0.5391
"1312",1,"pier",328,-1.329,0.0503
"1313",0,"beach",329,-0.329,0.0678
"1314",1,"boat",329,-0.329,0.023
"1315",0,"charter",329,-2.829,0.1648
"1316",0,"pier",329,-0.329,0.0503
"1317",0,"beach",330,-0.629,0.0678
"1318",1,"boat",330,-0.629,0.1491
"1319",0,"charter",330,-3.129,0.2421
"1320",0,"pier",330,-0.629,0.0052
"1325",0,"beach",332,-0.429,0.0678
"1326",1,"boat",332,-0.429,0.0276
"1327",0,"charter",332,-2.929,0.0029
"1328",0,"pier",332,-0.429,0.0503
"1333",0,"beach",334,-7.461,0.0678
"1334",0,"boat",334,-1.658,0.0499
"1335",1,"charter",334,-4.558,0.2421
"1336",0,"pier",334,-7.461,0.0025
"1349",0,"beach",338,-0.529,0.0678
"1350",0,"boat",338,-0.529,0.0276
"1351",0,"charter",338,-3.029,0.0029
"1352",1,"pier",338,-0.529,0.0503
"1357",0,"beach",340,-0.229,0.0678
"1358",1,"boat",340,-0.229,0.0276
"1359",0,"charter",340,-2.729,0.0029
"1360",0,"pier",340,-0.229,0.0503
"1365",0,"beach",342,-0.629,0.0678
"1366",0,"boat",342,-0.629,0.0276
"1367",1,"charter",342,-3.129,0.0029
"1368",0,"pier",342,-0.629,0.0503
"1369",0,"beach",343,-0.929,0.0678
"1370",1,"boat",343,-0.929,0.2601
"1371",0,"charter",343,-3.429,0.5391
"1372",0,"pier",343,-0.929,0.0503
"1373",1,"beach",344,-30.682,0.5333
"1374",0,"boat",344,-4.232,0.2413
"1375",0,"charter",344,-7.732,1.0266
"1376",0,"pier",344,-30.682,0.4522
"1381",0,"beach",346,-0.829,0.0678
"1382",1,"boat",346,-0.829,0.0276
"1383",0,"charter",346,-3.329,0.0029
"1384",0,"pier",346,-0.829,0.0503
"1385",0,"beach",347,-13.2132,0.1049
"1386",0,"boat",347,-3.432,0.0613
"1387",1,"charter",347,-5.832,0.3087
"1388",0,"pier",347,-13.2132,0.0079
"1393",0,"beach",349,-0.729,0.0678
"1394",0,"boat",349,-0.729,0.2601
"1395",1,"charter",349,-3.229,0.5391
"1396",0,"pier",349,-0.729,0.0503
"1397",0,"beach",350,-5.145,0.0678
"1398",1,"boat",350,-3.087,0.1643
"1399",0,"charter",350,-5.987,0.5391
"1400",0,"pier",350,-5.145,0.0789
"1405",0,"beach",352,-1.287,0.0678
"1406",1,"boat",352,-1.287,0.0276
"1407",0,"charter",352,-3.787,0.0029
"1408",0,"pier",352,-1.287,0.0503
"1409",0,"beach",353,-2.187,0.0678
"1410",0,"boat",353,-2.187,0.023
"1411",1,"charter",353,-4.687,0.1648
"1412",0,"pier",353,-2.187,0.0503
"1417",0,"beach",355,-2.1386,0.0678
"1418",0,"boat",355,-2.1386,0.1643
"1419",1,"charter",355,-5.0386,0.5391
"1420",0,"pier",355,-2.1386,0.0789
"1433",0,"beach",359,-1.587,0.0678
"1434",1,"boat",359,-1.587,0.2601
"1435",0,"charter",359,-4.087,0.5391
"1436",0,"pier",359,-1.587,0.0503
"1441",0,"beach",361,-4.645,0.0678
"1442",0,"boat",361,-2.787,0.1643
"1443",1,"charter",361,-5.687,0.0041
"1444",0,"pier",361,-4.645,0.0789
"1449",0,"beach",363,-0.4122,0.0678
"1450",0,"boat",363,-0.4122,0.2601
"1451",0,"charter",363,-2.9122,0.5391
"1452",1,"pier",363,-0.4122,0.0503
"1453",0,"beach",364,-13.0832,0.0678
"1454",1,"boat",364,-13.0832,0.2601
"1455",0,"charter",364,-15.5832,0.5391
"1456",0,"pier",364,-13.0832,0.0503
"1457",0,"beach",365,-11.9554,0.1049
"1458",1,"boat",365,-7.3002,0.0238
"1459",0,"charter",365,-9.7002,0.0468
"1460",0,"pier",365,-11.9554,0.0451
"1461",0,"beach",366,-4.5402,0.0678
"1462",1,"boat",366,-7.4354,0.0897
"1463",0,"charter",366,-10.9354,1.0905
"1464",0,"pier",366,-4.5402,0.0789
"1469",0,"beach",368,-11.9554,0.1049
"1470",1,"boat",368,-7.3002,0.1574
"1471",0,"charter",368,-9.7002,0.4671
"1472",0,"pier",368,-11.9554,0.0451
"1473",0,"beach",369,-3.1602,0.0678
"1474",0,"boat",369,-5.1754,0.0102
"1475",1,"charter",369,-8.6754,0.0209
"1476",0,"pier",369,-3.1602,0.0789
"1477",0,"beach",370,-10.6714,0.5333
"1478",0,"boat",370,-3.1602,0.0361
"1479",1,"charter",370,-6.6602,0.4216
"1480",0,"pier",370,-10.6714,0.0069
"1497",0,"beach",375,-2.6832,0.0678
"1498",0,"boat",375,-2.6832,0.1491
"1499",1,"charter",375,-5.1832,0.2421
"1500",0,"pier",375,-2.6832,0.0052
"1505",0,"beach",377,-15.1632,0.0678
"1506",1,"boat",377,-23.6196,0.0102
"1507",0,"charter",377,-27.1196,0.0209
"1508",0,"pier",377,-15.1632,0.0789
"1509",0,"beach",378,-51.1596,0.1049
"1510",1,"boat",378,-32.8432,0.0023
"1511",0,"charter",378,-35.2432,0.0046
"1512",0,"pier",378,-51.1596,0.0451
"1529",0,"beach",383,-9.0948,0.0678
"1530",0,"boat",383,-13.299,0.0732
"1531",1,"charter",383,-16.249,0.1726
"1532",0,"pier",383,-9.0948,0.0052
"1533",0,"beach",384,-6.5016,0.5333
"1534",0,"boat",384,-2.6574,0.2413
"1535",1,"charter",384,-6.1574,1.0266
"1536",0,"pier",384,-6.5016,0.4522
"1537",0,"beach",385,-21.6216,0.5333
"1538",0,"boat",385,-8.8374,0.0156
"1539",1,"charter",385,-12.3374,0.0058
"1540",0,"pier",385,-21.6216,0.4522
"1541",0,"beach",386,-31.9302,0.1049
"1542",1,"boat",386,-24.786,0.0613
"1543",0,"charter",386,-27.186,0.3087
"1544",0,"pier",386,-31.9302,0.0079
"1545",0,"beach",387,-29.5422,0.1049
"1546",1,"boat",387,-11.5196,0.1574
"1547",0,"charter",387,-13.9196,0.4671
"1548",0,"pier",387,-29.5422,0.0451
"1549",0,"beach",388,-15.0174,0.0678
"1550",0,"boat",388,-17.0586,0.1643
"1551",0,"charter",388,-19.9586,0.5391
"1552",1,"pier",388,-15.0174,0.0789
"1553",0,"beach",389,-36.7416,0.5333
"1554",0,"boat",389,-15.0174,0.2413
"1555",1,"charter",389,-18.5174,1.0266
"1556",0,"pier",389,-36.7416,0.4522
"1557",0,"beach",390,-17.0774,0.0678
"1558",0,"boat",390,-21.8856,0.0108
"1559",1,"charter",390,-25.3856,0.2377
"1560",0,"pier",390,-17.0774,0.0025
"1561",0,"beach",391,-8.8374,0.0678
"1562",0,"boat",391,-11.3256,0.0559
"1563",1,"charter",391,-14.8256,0.6456
"1564",0,"pier",391,-8.8374,0.0789
"1565",1,"beach",392,-4.7174,0.0678
"1566",0,"boat",392,-5.3586,0.1643
"1567",0,"charter",392,-8.2586,0.5391
"1568",0,"pier",392,-4.7174,0.0789
"1577",0,"beach",395,-56.9016,0.5333
"1578",0,"boat",395,-23.2574,0.2413
"1579",1,"charter",395,-26.7574,1.0266
"1580",0,"pier",395,-56.9016,0.4522
"1585",0,"beach",397,-31.7016,0.5333
"1586",0,"boat",397,-12.9574,0.1665
"1587",1,"charter",397,-16.4574,0.3975
"1588",0,"pier",397,-31.7016,0.4522
"1601",0,"beach",401,-17.1396,0.2537
"1602",1,"boat",401,-27.0848,0.0531
"1603",0,"charter",401,-29.5848,0.0052
"1604",0,"pier",401,-17.1396,0.1498
"1605",0,"beach",402,-10.7916,0.0678
"1606",0,"boat",402,-13.8598,0.0559
"1607",1,"charter",402,-17.3598,0.6456
"1608",0,"pier",402,-10.7916,0.0789
"1609",0,"beach",403,-11.5736,0.1049
"1610",1,"boat",403,-7.9254,0.0023
"1611",0,"charter",403,-10.3254,0.0046
"1612",0,"pier",403,-11.5736,0.0451
"1613",0,"beach",404,-26.6696,0.5333
"1614",0,"boat",404,-7.9254,0.0361
"1615",1,"charter",404,-11.4254,0.4216
"1616",0,"pier",404,-26.6696,0.0069
"1617",0,"beach",405,-8.6658,0.1049
"1618",1,"boat",405,-3.7752,0.0023
"1619",0,"charter",405,-6.1752,0.0046
"1620",0,"pier",405,-8.6658,0.0451
"1621",0,"beach",406,-5.805,0.5333
"1622",1,"boat",406,-1.1352,0.0361
"1623",0,"charter",406,-4.6352,0.4216
"1624",0,"pier",406,-5.805,0.0069
"1633",0,"beach",409,-21.2658,0.5333
"1634",0,"boat",409,-6.0306,0.0156
"1635",1,"charter",409,-9.5306,0.0058
"1636",0,"pier",409,-21.2658,0.4522
"1641",0,"beach",411,-6.9498,0.1049
"1642",0,"boat",411,-4.8906,0.0023
"1643",1,"charter",411,-7.2906,0.0046
"1644",0,"pier",411,-6.9498,0.0451
"1645",1,"beach",412,-8.5698,0.2537
"1646",0,"boat",412,-8.5698,0.0233
"1647",0,"charter",412,-10.4198,0.0219
"1648",0,"pier",412,-8.5698,0.1498
"1657",0,"beach",415,-21.2658,0.5333
"1658",0,"boat",415,-6.0306,0.0361
"1659",1,"charter",415,-9.5306,0.4216
"1660",0,"pier",415,-21.2658,0.0069
"1665",0,"beach",417,-3.4874,0.0678
"1666",0,"boat",417,-3.4874,0.1643
"1667",0,"charter",417,-6.3874,0.5391
"1668",1,"pier",417,-3.4874,0.0789
"1669",0,"beach",418,-36.0126,0.5333
"1670",0,"boat",418,-7.7274,0.0156
"1671",1,"charter",418,-11.2274,0.0058
"1672",0,"pier",418,-36.0126,0.4522
"1673",0,"beach",419,-3.4874,0.0678
"1674",0,"boat",419,-3.4874,0.0276
"1675",1,"charter",419,-5.9874,0.0029
"1676",0,"pier",419,-3.4874,0.0503
"1681",0,"beach",421,-6.6674,0.0678
"1682",0,"boat",421,-15.4734,0.0559
"1683",1,"charter",421,-18.9734,0.6456
"1684",0,"pier",421,-6.6674,0.0789
"1693",0,"beach",424,-19.1334,0.5333
"1694",0,"boat",424,-6.435,0.2413
"1695",1,"charter",424,-9.935,1.0266
"1696",0,"pier",424,-19.1334,0.4522
"1697",0,"beach",425,-25.3174,0.1049
"1698",1,"boat",425,-18.435,0.0023
"1699",0,"charter",425,-20.835,0.0046
"1700",0,"pier",425,-25.3174,0.0451
"1705",0,"beach",427,-4.935,0.0678
"1706",1,"boat",427,-6.7774,0.0897
"1707",0,"charter",427,-10.2774,1.0905
"1708",0,"pier",427,-4.935,0.0789
"1721",0,"beach",431,-14.6734,0.5333
"1722",0,"boat",431,-4.935,0.0361
"1723",1,"charter",431,-8.435,0.4216
"1724",0,"pier",431,-14.6734,0.0069
"1733",0,"beach",434,-6.7774,0.1049
"1734",0,"boat",434,-4.935,0.0613
"1735",1,"charter",434,-7.335,0.3087
"1736",0,"pier",434,-6.7774,0.0079
"1737",0,"beach",435,-2.0152,0.0678
"1738",0,"boat",435,-2.0152,0.1643
"1739",0,"charter",435,-4.9152,0.5391
"1740",1,"pier",435,-2.0152,0.0789
"1745",0,"beach",437,-19.1334,0.5333
"1746",1,"boat",437,-6.435,0.2413
"1747",0,"charter",437,-9.935,1.0266
"1748",0,"pier",437,-19.1334,0.4522
"1749",0,"beach",438,-32.2218,0.5333
"1750",0,"boat",438,-9.477,0.1665
"1751",1,"charter",438,-12.977,0.3975
"1752",0,"pier",438,-32.2218,0.4522
"1753",0,"beach",439,-18.9618,0.5333
"1754",1,"boat",439,-5.577,0.2413
"1755",0,"charter",439,-9.077,1.0266
"1756",0,"pier",439,-18.9618,0.4522
"1761",0,"beach",441,-7.5012,0.1049
"1762",0,"boat",441,-1.9082,0.0613
"1763",1,"charter",441,-4.3082,0.3087
"1764",0,"pier",441,-7.5012,0.0079
"1781",1,"beach",446,-7.4196,0.2537
"1782",0,"boat",446,-7.4196,8e-04
"1783",0,"charter",446,-9.2696,0.0027
"1784",0,"pier",446,-7.4196,0.1498
"1785",0,"beach",447,-57.8048,0.5333
"1786",0,"boat",447,-30.0314,0.2413
"1787",1,"charter",447,-33.5314,1.0266
"1788",0,"pier",447,-57.8048,0.4522
"1789",0,"beach",448,-13.8996,0.1049
"1790",0,"boat",448,-11.4114,0.1574
"1791",1,"charter",448,-13.8114,0.4671
"1792",0,"pier",448,-13.8996,0.0451
"1793",0,"beach",449,-19.734,0.5333
"1794",0,"boat",449,-4.29,0.0361
"1795",1,"charter",449,-7.79,0.4216
"1796",0,"pier",449,-19.734,0.0069
"1797",0,"beach",450,-23.3818,0.5333
"1798",1,"boat",450,-6.877,0.0156
"1799",0,"charter",450,-10.377,0.0058
"1800",0,"pier",450,-23.3818,0.4522
"1801",0,"beach",451,-13.377,0.0678
"1802",0,"boat",451,-13.377,0.1491
"1803",1,"charter",451,-15.877,0.2421
"1804",0,"pier",451,-13.377,0.0052
"1809",0,"beach",453,-13.377,0.0678
"1810",0,"boat",453,-13.377,0.0276
"1811",1,"charter",453,-15.877,0.0029
"1812",0,"pier",453,-13.377,0.0503
"1817",0,"beach",455,-4.7174,0.1049
"1818",0,"boat",455,-3.435,0.0613
"1819",1,"charter",455,-5.835,0.3087
"1820",0,"pier",455,-4.7174,0.0079
"1825",0,"beach",457,-15.4214,0.0678
"1826",1,"boat",457,-15.4214,0.2601
"1827",0,"charter",457,-17.9214,0.5391
"1828",0,"pier",457,-15.4214,0.0503
"1833",0,"beach",459,-18.1896,0.5333
"1834",0,"boat",459,-5.4054,0.2413
"1835",1,"charter",459,-8.9054,1.0266
"1836",0,"pier",459,-18.1896,0.4522
"1845",0,"beach",462,-37.305,0.5333
"1846",0,"boat",462,-7.2952,0.2413
"1847",1,"charter",462,-10.7952,1.0266
"1848",0,"pier",462,-37.305,0.4522
"1849",0,"beach",463,-4.5474,0.0678
"1850",1,"boat",463,-4.5474,0.1491
"1851",0,"charter",463,-7.0474,0.2421
"1852",0,"pier",463,-4.5474,0.0052
"1857",0,"beach",465,-10.6858,0.1049
"1858",0,"boat",465,-6.877,0.0023
"1859",1,"charter",465,-9.277,0.0046
"1860",0,"pier",465,-10.6858,0.0451
"1869",0,"beach",468,-14.7258,0.1049
"1870",1,"boat",468,-9.477,0.0238
"1871",0,"charter",468,-11.877,0.0468
"1872",0,"pier",468,-14.7258,0.0451
"1873",0,"beach",469,-18.9618,0.5333
"1874",0,"boat",469,-5.577,0.2413
"1875",1,"charter",469,-9.077,1.0266
"1876",0,"pier",469,-18.9618,0.4522
"1881",0,"beach",471,-27.8018,0.5333
"1882",1,"boat",471,-8.177,0.1665
"1883",0,"charter",471,-11.677,0.3975
"1884",0,"pier",471,-27.8018,0.4522
"1889",0,"beach",473,-6.6458,0.1049
"1890",0,"boat",473,-4.277,0.0238
"1891",1,"charter",473,-6.677,0.0468
"1892",0,"pier",473,-6.6458,0.0451
"1897",0,"beach",475,-5.577,0.0678
"1898",0,"boat",475,-5.577,0.1491
"1899",1,"charter",475,-8.077,0.2421
"1900",0,"pier",475,-5.577,0.0052
"1921",0,"beach",481,-3.6482,0.0678
"1922",1,"boat",481,-3.6482,0.0499
"1923",0,"charter",481,-6.5482,0.2421
"1924",0,"pier",481,-3.6482,0.0025
"1929",0,"beach",483,-10.8974,0.0678
"1930",0,"boat",483,-13.9656,0.0559
"1931",1,"charter",483,-17.4656,0.6456
"1932",0,"pier",483,-10.8974,0.0789
"1937",0,"beach",485,-13.9656,0.1049
"1938",1,"boat",485,-10.8974,0.1574
"1939",0,"charter",485,-13.2974,0.4671
"1940",0,"pier",485,-13.9656,0.0451
"1941",0,"beach",486,-11.3256,0.1049
"1942",0,"boat",486,-8.8374,0.0023
"1943",1,"charter",486,-11.2374,0.0046
"1944",0,"pier",486,-11.3256,0.0451
"1949",0,"beach",488,-14.6734,0.5333
"1950",0,"boat",488,-4.935,0.0361
"1951",1,"charter",488,-8.435,0.4216
"1952",0,"pier",488,-14.6734,0.0069
"1957",0,"beach",490,-41.4334,0.5333
"1958",0,"boat",490,-13.935,0.2413
"1959",1,"charter",490,-17.435,1.0266
"1960",0,"pier",490,-41.4334,0.4522
"1965",1,"beach",492,-6.6654,0.0678
"1966",0,"boat",492,-8.1466,0.1643
"1967",0,"charter",492,-11.0466,0.5391
"1968",0,"pier",492,-6.6654,0.0789
"1969",0,"beach",493,-4.1454,0.0678
"1970",0,"boat",493,-5.0666,0.1643
"1971",1,"charter",493,-7.9666,0.5391
"1972",0,"pier",493,-4.1454,0.0789
"1989",0,"beach",498,-4.1454,0.0678
"1990",0,"boat",498,-6.0536,0.0559
"1991",1,"charter",498,-9.5536,0.6456
"1992",0,"pier",498,-4.1454,0.0789
"1993",0,"beach",499,-5.0666,0.0678
"1994",0,"boat",499,-6.0536,0.0732
"1995",1,"charter",499,-9.0036,0.1726
"1996",0,"pier",499,-5.0666,0.0052
"1997",0,"beach",500,-13.9496,0.5333
"1998",0,"boat",500,-4.1454,0.0156
"1999",1,"charter",500,-7.6454,0.0058
"2000",0,"pier",500,-13.9496,0.4522
"2001",0,"beach",501,-35.1496,0.5333
"2002",0,"boat",501,-10.4454,0.0361
"2003",1,"charter",501,-13.9454,0.4216
"2004",0,"pier",501,-35.1496,0.0069
"2005",0,"beach",502,-5.4054,0.0678
"2006",0,"boat",502,-6.6066,0.1643
"2007",0,"charter",502,-9.5066,0.5391
"2008",1,"pier",502,-5.4054,0.0789
"2013",0,"beach",504,-2.8854,0.0678
"2014",0,"boat",504,-3.5266,0.0499
"2015",1,"charter",504,-6.4266,0.2421
"2016",0,"pier",504,-2.8854,0.0025
"2017",0,"beach",505,-2.3736,0.2537
"2018",0,"boat",505,-2.3736,0.0233
"2019",0,"charter",505,-4.2236,0.0219
"2020",1,"pier",505,-2.3736,0.1498
"2025",0,"beach",507,-2.8854,0.0678
"2026",1,"boat",507,-3.5266,0.0014
"2027",0,"charter",507,-6.4266,0.0029
"2028",0,"pier",507,-2.8854,0.0789
"2029",0,"beach",508,-5.6074,0.0678
"2030",0,"boat",508,-9.2046,0.0102
"2031",1,"charter",508,-12.7046,0.0209
"2032",0,"pier",508,-5.6074,0.0789
"2041",0,"beach",511,-3.4874,0.0678
"2042",1,"boat",511,-4.4086,0.0971
"2043",0,"charter",511,-7.3086,0.1648
"2044",0,"pier",511,-3.4874,0.0789
"2057",0,"beach",515,-3.4874,0.0678
"2058",0,"boat",515,-4.4086,0.0014
"2059",0,"charter",515,-7.3086,0.0029
"2060",1,"pier",515,-3.4874,0.0789
"2061",1,"beach",516,-9.7686,0.0678
"2062",0,"boat",516,-9.7686,0.1491
"2063",0,"charter",516,-12.2686,0.2421
"2064",0,"pier",516,-9.7686,0.0052
"2073",0,"beach",519,-7.4646,0.2537
"2074",0,"boat",519,-17.7606,0.0531
"2075",1,"charter",519,-20.2606,0.0052
"2076",0,"pier",519,-7.4646,0.1498
"2085",0,"beach",522,-13.6206,0.5333
"2086",0,"boat",522,-3.4874,0.1665
"2087",0,"charter",522,-6.9874,0.3975
"2088",1,"pier",522,-13.6206,0.4522
"2097",0,"beach",525,-16.7374,0.0678
"2098",0,"boat",525,-21.1586,0.1643
"2099",1,"charter",525,-24.0586,0.5391
"2100",0,"pier",525,-16.7374,0.0789
"2105",0,"beach",527,-26.0406,0.5333
"2106",0,"boat",527,-6.6674,0.2413
"2107",1,"charter",527,-10.1674,1.0266
"2108",0,"pier",527,-26.0406,0.4522
"2121",0,"beach",531,-34.3206,0.5333
"2122",0,"boat",531,-8.7874,0.0051
"2123",1,"charter",531,-12.2874,1.0266
"2124",0,"pier",531,-34.3206,0.4522
"2133",0,"beach",534,-17.7606,0.5333
"2134",0,"boat",534,-4.5474,0.0156
"2135",1,"charter",534,-8.0474,0.0058
"2136",0,"pier",534,-17.7606,0.4522
"2137",0,"beach",535,-10.4048,0.1049
"2138",1,"boat",535,-7.0604,0.1574
"2139",0,"charter",535,-9.4604,0.4671
"2140",0,"pier",535,-10.4048,0.0451
"2141",0,"beach",536,-15.1008,0.5333
"2142",0,"boat",536,-3.2604,0.0156
"2143",1,"charter",536,-6.7604,0.0058
"2144",0,"pier",536,-15.1008,0.4522
"2157",0,"beach",540,-42.8064,0.5333
"2158",1,"boat",540,-4.7334,0.0361
"2159",0,"charter",540,-8.2334,0.4216
"2160",0,"pier",540,-42.8064,0.0069
"2165",0,"beach",542,-8.8872,0.1049
"2166",0,"boat",542,-2.4334,0.0613
"2167",1,"charter",542,-4.8334,0.3087
"2168",0,"pier",542,-8.8872,0.0079
"2169",0,"beach",543,-30.5072,0.5333
"2170",1,"boat",543,-1.9896,0.0361
"2171",0,"charter",543,-5.4896,0.4216
"2172",0,"pier",543,-30.5072,0.0069
"2173",0,"beach",544,-30.5072,0.5333
"2174",1,"boat",544,-1.9896,0.0361
"2175",0,"charter",544,-5.4896,0.4216
"2176",0,"pier",544,-30.5072,0.0069
"2193",0,"beach",549,-1.0534,0.0678
"2194",0,"boat",549,-1.374,0.1643
"2195",0,"charter",549,-4.274,0.5391
"2196",1,"pier",549,-1.0534,0.0789
"2209",0,"beach",553,-3.8134,0.0678
"2210",0,"boat",553,-4.974,0.0499
"2211",0,"charter",553,-7.874,0.2421
"2212",1,"pier",553,-3.8134,0.0025
"2213",0,"beach",554,-8.8872,0.1049
"2214",1,"boat",554,-2.4334,0.1574
"2215",0,"charter",554,-4.8334,0.4671
"2216",0,"pier",554,-8.8872,0.0451
"2221",0,"beach",556,-15.7872,0.5333
"2222",0,"boat",556,-1.0296,0.0156
"2223",1,"charter",556,-4.5296,0.0058
"2224",0,"pier",556,-15.7872,0.4522
"2225",0,"beach",557,-58.1072,0.5333
"2226",1,"boat",557,-3.7896,0.2413
"2227",0,"charter",557,-7.2896,1.0266
"2228",0,"pier",557,-58.1072,0.4522
"2229",0,"beach",558,-34.1872,0.5333
"2230",0,"boat",558,-2.2296,0.0361
"2231",1,"charter",558,-5.7296,0.4216
"2232",0,"pier",558,-34.1872,0.0069
"2233",0,"beach",559,-26.8272,0.5333
"2234",0,"boat",559,-1.7496,0.0156
"2235",1,"charter",559,-5.2496,0.0058
"2236",0,"pier",559,-26.8272,0.4522
"2237",0,"beach",560,-34.1872,0.5333
"2238",0,"boat",560,-2.2296,0.1665
"2239",1,"charter",560,-5.7296,0.3975
"2240",0,"pier",560,-34.1872,0.4522
"2241",1,"beach",561,-1.7496,0.0678
"2242",0,"boat",561,-7.8732,0.0014
"2243",0,"charter",561,-10.7732,0.0029
"2244",0,"pier",561,-1.7496,0.0789
"2245",0,"beach",562,-19.4672,0.5333
"2246",0,"boat",562,-1.2696,0.0051
"2247",1,"charter",562,-4.7696,1.0266
"2248",0,"pier",562,-19.4672,0.4522
"2261",0,"beach",566,-15.7872,0.5333
"2262",1,"boat",566,-1.0296,0.2413
"2263",0,"charter",566,-4.5296,1.0266
"2264",0,"pier",566,-15.7872,0.4522
"2265",0,"beach",567,-1.2696,0.0678
"2266",0,"boat",567,-5.7132,0.1643
"2267",0,"charter",567,-8.6132,0.5391
"2268",1,"pier",567,-1.2696,0.0789
"2273",0,"beach",569,-4.6332,0.0678
"2274",1,"boat",569,-4.6332,0.1491
"2275",0,"charter",569,-7.1332,0.2421
"2276",0,"pier",569,-4.6332,0.0052
"2277",0,"beach",570,-10.6112,0.1049
"2278",1,"boat",570,-1.9896,0.0023
"2279",0,"charter",570,-4.3896,0.0046
"2280",0,"pier",570,-10.6112,0.0451
"2285",0,"beach",572,-12.1072,0.5333
"2286",0,"boat",572,-0.7896,0.2413
"2287",1,"charter",572,-4.2896,1.0266
"2288",0,"pier",572,-12.1072,0.4522
"2297",0,"beach",575,-5.4912,0.1049
"2298",1,"boat",575,-1.0296,0.0023
"2299",0,"charter",575,-3.4296,0.0046
"2300",0,"pier",575,-5.4912,0.0451
"2305",0,"beach",577,-6.7712,0.1049
"2306",1,"boat",577,-1.2696,0.0023
"2307",0,"charter",577,-3.6696,0.0046
"2308",0,"pier",577,-6.7712,0.0451
"2309",0,"beach",578,-5.4912,0.1049
"2310",0,"boat",578,-1.0296,0.0613
"2311",1,"charter",578,-3.4296,0.3087
"2312",0,"pier",578,-5.4912,0.0079
"2313",0,"beach",579,-41.5472,0.5333
"2314",1,"boat",579,-2.7096,0.0156
"2315",0,"charter",579,-6.2096,0.0058
"2316",0,"pier",579,-41.5472,0.4522
"2325",0,"beach",582,-12.1072,0.5333
"2326",0,"boat",582,-0.7896,0.0361
"2327",1,"charter",582,-4.2896,0.4216
"2328",0,"pier",582,-12.1072,0.0069
"2329",0,"beach",583,-5.4912,0.1049
"2330",0,"boat",583,-1.0296,0.0023
"2331",1,"charter",583,-3.4296,0.0046
"2332",0,"pier",583,-5.4912,0.0451
"2333",0,"beach",584,-26.8272,0.5333
"2334",0,"boat",584,-1.7496,0.0361
"2335",1,"charter",584,-5.2496,0.4216
"2336",0,"pier",584,-26.8272,0.0069
"2349",1,"beach",588,-1.0296,0.0678
"2350",0,"boat",588,-4.6332,0.1643
"2351",0,"charter",588,-7.5332,0.5391
"2352",0,"pier",588,-1.0296,0.0789
"2353",0,"beach",589,-10.6112,0.2537
"2354",0,"boat",589,-30.5072,0.0531
"2355",1,"charter",589,-33.0072,0.0052
"2356",0,"pier",589,-10.6112,0.1498
"2357",0,"beach",590,-15.7872,0.5333
"2358",0,"boat",590,-1.0296,0.1665
"2359",1,"charter",590,-4.5296,0.3975
"2360",0,"pier",590,-15.7872,0.4522
"2373",0,"beach",594,-26.8272,0.5333
"2374",1,"boat",594,-1.7496,0.0361
"2375",0,"charter",594,-5.2496,0.4216
"2376",0,"pier",594,-26.8272,0.0069
"2381",0,"beach",596,-12.1072,0.5333
"2382",0,"boat",596,-0.7896,0.0361
"2383",1,"charter",596,-4.2896,0.4216
"2384",0,"pier",596,-12.1072,0.0069
"2393",0,"beach",599,-8.0512,0.1049
"2394",1,"boat",599,-1.5096,0.1574
"2395",0,"charter",599,-3.9096,0.4671
"2396",0,"pier",599,-8.0512,0.0451
"2397",0,"beach",600,-34.4864,0.5333
"2398",0,"boat",600,-3.8134,0.2413
"2399",1,"charter",600,-7.3134,1.0266
"2400",0,"pier",600,-34.4864,0.4522
"2401",0,"beach",601,-22.0064,0.5333
"2402",0,"boat",601,-2.4334,0.0156
"2403",1,"charter",601,-5.9334,0.0058
"2404",0,"pier",601,-22.0064,0.4522
"2409",0,"beach",603,-7.2072,0.1049
"2410",0,"boat",603,-1.9734,0.0023
"2411",1,"charter",603,-4.3734,0.0046
"2412",0,"pier",603,-7.2072,0.0451
"2413",1,"beach",604,-0.5934,0.0678
"2414",0,"boat",604,-0.774,0.0014
"2415",0,"charter",604,-3.674,0.0029
"2416",0,"pier",604,-0.5934,0.0789
"2417",0,"beach",605,-13.6864,0.5333
"2418",0,"boat",605,-1.5134,0.0156
"2419",1,"charter",605,-5.0134,0.0058
"2420",0,"pier",605,-13.6864,0.4522
"2421",0,"beach",606,-13.6864,0.5333
"2422",0,"boat",606,-1.5134,0.0156
"2423",1,"charter",606,-5.0134,0.0058
"2424",0,"pier",606,-13.6864,0.4522
"2437",0,"beach",610,-38.6464,0.5333
"2438",1,"boat",610,-4.2734,0.0361
"2439",0,"charter",610,-7.7734,0.4216
"2440",0,"pier",610,-38.6464,0.0069
"2445",1,"beach",612,-2.4334,0.0678
"2446",0,"boat",612,-3.174,0.1643
"2447",0,"charter",612,-6.074,0.5391
"2448",0,"pier",612,-2.4334,0.0789
"2469",0,"beach",618,-58.1072,0.5333
"2470",1,"boat",618,-3.7896,0.2413
"2471",0,"charter",618,-7.2896,1.0266
"2472",0,"pier",618,-58.1072,0.4522
"2481",1,"beach",621,-9.3312,0.2537
"2482",0,"boat",621,-9.3312,0.0233
"2483",0,"charter",621,-11.1812,0.0219
"2484",0,"pier",621,-9.3312,0.1498
"2485",0,"beach",622,-22.0064,0.5333
"2486",0,"boat",622,-2.4334,0.0156
"2487",1,"charter",622,-5.9334,0.0058
"2488",0,"pier",622,-22.0064,0.4522
"2489",0,"beach",623,-17.8464,0.5333
"2490",0,"boat",623,-1.9734,0.2413
"2491",1,"charter",623,-5.4734,1.0266
"2492",0,"pier",623,-17.8464,0.4522
"2505",1,"beach",627,-1.5134,0.0678
"2506",0,"boat",627,-1.974,0.1643
"2507",0,"charter",627,-4.874,0.5391
"2508",0,"pier",627,-1.5134,0.0789
"2525",0,"beach",632,-5.4912,0.1049
"2526",1,"boat",632,-1.0296,0.0023
"2527",0,"charter",632,-3.4296,0.0046
"2528",0,"pier",632,-5.4912,0.0451
"2529",0,"beach",633,-15.7872,0.5333
"2530",1,"boat",633,-1.0296,0.0361
"2531",0,"charter",633,-4.5296,0.4216
"2532",0,"pier",633,-15.7872,0.0069
"2537",0,"beach",635,-58.1072,0.5333
"2538",1,"boat",635,-3.7896,0.0156
"2539",0,"charter",635,-7.2896,0.0058
"2540",0,"pier",635,-58.1072,0.4522
"2541",0,"beach",636,-37.8672,0.5333
"2542",0,"boat",636,-2.4696,0.1665
"2543",1,"charter",636,-5.9696,0.3975
"2544",0,"pier",636,-37.8672,0.4522
"2577",0,"beach",645,-5.4912,0.1049
"2578",1,"boat",645,-1.0296,0.0613
"2579",0,"charter",645,-3.4296,0.3087
"2580",0,"pier",645,-5.4912,0.0079
"2589",0,"beach",648,-1.2696,0.0678
"2590",1,"boat",648,-6.7712,0.0102
"2591",0,"charter",648,-10.2712,0.0209
"2592",0,"pier",648,-1.2696,0.0789
"2601",0,"beach",651,-4.2112,0.1049
"2602",1,"boat",651,-0.7896,0.1574
"2603",0,"charter",651,-3.1896,0.4671
"2604",0,"pier",651,-4.2112,0.0451
"2605",0,"beach",652,-23.1472,0.5333
"2606",0,"boat",652,-1.5096,0.1665
"2607",1,"charter",652,-5.0096,0.3975
"2608",0,"pier",652,-23.1472,0.4522
"2613",0,"beach",654,-23.1472,0.5333
"2614",1,"boat",654,-1.5096,0.0156
"2615",0,"charter",654,-5.0096,0.0058
"2616",0,"pier",654,-23.1472,0.4522
"2617",0,"beach",655,-1.0296,0.0678
"2618",0,"boat",655,-4.6332,0.1643
"2619",0,"charter",655,-7.5332,0.5391
"2620",1,"pier",655,-1.0296,0.0789
"2625",0,"beach",657,-20.2112,0.1049
"2626",1,"boat",657,-3.7896,0.0238
"2627",0,"charter",657,-6.1896,0.0468
"2628",0,"pier",657,-20.2112,0.0451
"2633",0,"beach",659,-26.8272,0.5333
"2634",1,"boat",659,-1.7496,0.2413
"2635",0,"charter",659,-5.2496,1.0266
"2636",0,"pier",659,-26.8272,0.4522
"2657",0,"beach",665,-5.264,0.0678
"2658",1,"boat",665,-0.987,0.0102
"2659",0,"charter",665,-4.487,0.0209
"2660",0,"pier",665,-5.264,0.0789
"2665",1,"beach",667,-4.737,0.2537
"2666",0,"boat",667,-15.79,0.0233
"2667",0,"charter",667,-17.64,0.0219
"2668",0,"pier",667,-4.737,0.1498
"2677",0,"beach",670,-19.1216,0.0678
"2678",1,"boat",670,-1.887,0.0143
"2679",0,"charter",670,-4.837,0.0289
"2680",0,"pier",670,-19.1216,0.0503
"2681",0,"beach",671,-6.864,0.0678
"2682",1,"boat",671,-1.287,0.0108
"2683",0,"charter",671,-4.787,0.2377
"2684",0,"pier",671,-6.864,0.0025
"2689",0,"beach",673,-14.864,0.0678
"2690",1,"boat",673,-2.787,0.0559
"2691",0,"charter",673,-6.287,0.6456
"2692",0,"pier",673,-14.864,0.0789
"2693",0,"beach",674,-8.464,0.0678
"2694",1,"boat",674,-1.587,0.0102
"2695",0,"charter",674,-5.087,0.0209
"2696",0,"pier",674,-8.464,0.0789
"2697",0,"beach",675,-18.064,0.0678
"2698",0,"boat",675,-3.387,0.0102
"2699",1,"charter",675,-6.887,0.0209
"2700",0,"pier",675,-18.064,0.0789
"2701",1,"beach",676,-0.987,0.2537
"2702",0,"boat",676,-3.29,0.2339
"2703",0,"charter",676,-5.14,0.6288
"2704",0,"pier",676,-0.987,0.1498
"2709",0,"beach",678,-14.864,0.0678
"2710",1,"boat",678,-2.787,0.0102
"2711",0,"charter",678,-6.287,0.0209
"2712",0,"pier",678,-14.864,0.0789
"2717",0,"beach",680,-19.1216,0.0678
"2718",1,"boat",680,-1.887,0.0143
"2719",0,"charter",680,-4.837,0.0289
"2720",0,"pier",680,-19.1216,0.0503
"2725",0,"beach",682,-10.064,0.0678
"2726",1,"boat",682,-1.887,0.0102
"2727",0,"charter",682,-5.387,0.0209
"2728",0,"pier",682,-10.064,0.0789
"2741",0,"beach",686,-5.264,0.0678
"2742",0,"boat",686,-0.987,0.0102
"2743",1,"charter",686,-4.487,0.0209
"2744",0,"pier",686,-5.264,0.0789
"2757",0,"beach",690,-1.887,0.2537
"2758",0,"boat",690,-6.29,0.2339
"2759",0,"charter",690,-8.14,0.6288
"2760",1,"pier",690,-1.887,0.1498
"2765",0,"beach",692,-16.464,0.0678
"2766",0,"boat",692,-3.087,0.0897
"2767",1,"charter",692,-6.587,1.0905
"2768",0,"pier",692,-16.464,0.0789
"2769",0,"beach",693,-19.1216,0.0678
"2770",1,"boat",693,-1.887,0.0143
"2771",0,"charter",693,-4.837,0.0289
"2772",0,"pier",693,-19.1216,0.0503
"2777",0,"beach",695,-2.487,0.2537
"2778",0,"boat",695,-17.2432,0.6817
"2779",1,"charter",695,-19.7432,2.3014
"2780",0,"pier",695,-2.487,0.1498
"2781",1,"beach",696,-1.287,0.2537
"2782",0,"boat",696,-4.29,0.0082
"2783",0,"charter",696,-6.14,0.0044
"2784",0,"pier",696,-1.287,0.1498
"2785",0,"beach",697,-11.664,0.0678
"2786",1,"boat",697,-2.187,0.0897
"2787",0,"charter",697,-5.687,1.0905
"2788",0,"pier",697,-11.664,0.0789
"2789",0,"beach",698,-3.387,0.2537
"2790",0,"boat",698,-11.29,0.2339
"2791",0,"charter",698,-13.14,0.6288
"2792",1,"pier",698,-3.387,0.1498
"2793",0,"beach",699,-25.2016,0.0678
"2794",1,"boat",699,-2.487,0.0016
"2795",0,"charter",699,-5.437,0.1176
"2796",0,"pier",699,-25.2016,0.0503
"2797",0,"beach",700,-25.2016,0.0678
"2798",1,"boat",700,-2.487,0.0143
"2799",0,"charter",700,-5.437,0.0289
"2800",0,"pier",700,-25.2016,0.0503
"2821",0,"beach",706,-1.587,0.2537
"2822",0,"boat",706,-6.877,0.0233
"2823",0,"charter",706,-8.727,0.0219
"2824",1,"pier",706,-1.587,0.1498
"2825",0,"beach",707,-22.1408,0.0678
"2826",1,"boat",707,-1.887,0.0143
"2827",0,"charter",707,-4.837,0.0289
"2828",0,"pier",707,-22.1408,0.0503
"2829",1,"beach",708,-2.787,0.2537
"2830",0,"boat",708,-12.077,0.0233
"2831",0,"charter",708,-13.927,0.0219
"2832",0,"pier",708,-2.787,0.1498
"2833",1,"beach",709,-0.987,0.2537
"2834",0,"boat",709,-4.277,0.0233
"2835",0,"charter",709,-6.127,0.0219
"2836",0,"pier",709,-0.987,0.1498
"2841",0,"beach",711,-1.587,0.2537
"2842",0,"boat",711,-6.877,0.0233
"2843",0,"charter",711,-8.727,0.0219
"2844",1,"pier",711,-1.587,0.1498
"2845",1,"beach",712,-1.887,0.2537
"2846",0,"boat",712,-8.177,0.2339
"2847",0,"charter",712,-10.027,0.6288
"2848",0,"pier",712,-1.887,0.1498
"2849",0,"beach",713,-11.664,0.0678
"2850",0,"boat",713,-2.187,0.0102
"2851",1,"charter",713,-5.687,0.0209
"2852",0,"pier",713,-11.664,0.0789
"2857",0,"beach",715,-1.287,0.2537
"2858",0,"boat",715,-4.29,0.2339
"2859",0,"charter",715,-6.14,0.6288
"2860",1,"pier",715,-1.287,0.1498
"2861",0,"beach",716,-1.287,0.2537
"2862",0,"boat",716,-4.29,0.0233
"2863",0,"charter",716,-6.14,0.0219
"2864",1,"pier",716,-1.287,0.1498
"2869",0,"beach",718,-8.464,0.0678
"2870",0,"boat",718,-1.587,0.0108
"2871",1,"charter",718,-5.087,0.2377
"2872",0,"pier",718,-8.464,0.0025
"2873",0,"beach",719,-13.264,0.0678
"2874",0,"boat",719,-2.487,0.0897
"2875",1,"charter",719,-5.987,1.0905
"2876",0,"pier",719,-13.264,0.0789
"2885",0,"beach",722,-14.864,0.0678
"2886",0,"boat",722,-2.787,0.0102
"2887",1,"charter",722,-6.287,0.0209
"2888",0,"pier",722,-14.864,0.0789
"2909",0,"beach",728,-6.864,0.0678
"2910",0,"boat",728,-1.287,0.0102
"2911",1,"charter",728,-4.787,0.0209
"2912",0,"pier",728,-6.864,0.0789
"2917",0,"beach",730,-28.2416,0.0678
"2918",1,"boat",730,-2.787,0.0143
"2919",0,"charter",730,-5.737,0.0289
"2920",0,"pier",730,-28.2416,0.0503
"2921",0,"beach",731,-11.664,0.0678
"2922",1,"boat",731,-2.187,0.0559
"2923",0,"charter",731,-5.687,0.6456
"2924",0,"pier",731,-11.664,0.0789
"2933",0,"beach",734,-14.864,0.0678
"2934",1,"boat",734,-2.787,0.0559
"2935",0,"charter",734,-6.287,0.6456
"2936",0,"pier",734,-14.864,0.0789
"2937",0,"beach",735,-1.887,0.2537
"2938",0,"boat",735,-6.29,0.0233
"2939",0,"charter",735,-8.14,0.0219
"2940",1,"pier",735,-1.887,0.1498
"2941",0,"beach",736,-8.464,0.0678
"2942",0,"boat",736,-1.587,0.0897
"2943",1,"charter",736,-5.087,1.0905
"2944",0,"pier",736,-8.464,0.0789
"2949",0,"beach",738,-8.464,0.0678
"2950",1,"boat",738,-1.587,0.0897
"2951",0,"charter",738,-5.087,1.0905
"2952",0,"pier",738,-8.464,0.0789
"2957",0,"beach",740,-8.464,0.0678
"2958",0,"boat",740,-1.587,0.0897
"2959",1,"charter",740,-5.087,1.0905
"2960",0,"pier",740,-8.464,0.0789
"2977",0,"beach",745,-1.587,0.2537
"2978",0,"boat",745,-5.29,0.0233
"2979",0,"charter",745,-7.14,0.0219
"2980",1,"pier",745,-1.587,0.1498
"2985",0,"beach",747,-0.987,0.2537
"2986",0,"boat",747,-3.29,0.0233
"2987",0,"charter",747,-5.14,0.0219
"2988",1,"pier",747,-0.987,0.1498
"2993",0,"beach",749,-8.464,0.0678
"2994",1,"boat",749,-1.587,0.0897
"2995",0,"charter",749,-5.087,1.0905
"2996",0,"pier",749,-8.464,0.0789
"3001",0,"beach",751,-5.264,0.0678
"3002",0,"boat",751,-0.987,0.0559
"3003",1,"charter",751,-4.487,0.6456
"3004",0,"pier",751,-5.264,0.0789
"3005",0,"beach",752,-1.287,0.2537
"3006",0,"boat",752,-4.29,0.0233
"3007",0,"charter",752,-6.14,0.0219
"3008",1,"pier",752,-1.287,0.1498
"3013",0,"beach",754,-3.664,0.0678
"3014",0,"boat",754,-0.687,0.0559
"3015",1,"charter",754,-4.187,0.6456
"3016",0,"pier",754,-3.664,0.0789
"3017",0,"beach",755,-5.264,0.0678
"3018",1,"boat",755,-0.987,0.0897
"3019",0,"charter",755,-4.487,1.0905
"3020",0,"pier",755,-5.264,0.0789
"3029",0,"beach",758,-14.864,0.0678
"3030",1,"boat",758,-2.787,0.0102
"3031",0,"charter",758,-6.287,0.0209
"3032",0,"pier",758,-14.864,0.0789
"3037",1,"beach",760,-1.587,0.2537
"3038",0,"boat",760,-5.29,0.2339
"3039",0,"charter",760,-7.14,0.6288
"3040",0,"pier",760,-1.587,0.1498
"3041",0,"beach",761,-22.864,0.0678
"3042",1,"boat",761,-4.287,0.0102
"3043",0,"charter",761,-7.787,0.0209
"3044",0,"pier",761,-22.864,0.0789
"3045",0,"beach",762,-6.864,0.0678
"3046",0,"boat",762,-1.287,0.0559
"3047",1,"charter",762,-4.787,0.6456
"3048",0,"pier",762,-6.864,0.0789
"3049",0,"beach",763,-5.264,0.0678
"3050",0,"boat",763,-0.987,0.0559
"3051",1,"charter",763,-4.487,0.6456
"3052",0,"pier",763,-5.264,0.0789
"3057",0,"beach",765,-11.664,0.0678
"3058",1,"boat",765,-2.187,0.0102
"3059",0,"charter",765,-5.687,0.0209
"3060",0,"pier",765,-11.664,0.0789
"3065",0,"beach",767,-1.287,0.2537
"3066",0,"boat",767,-4.29,0.0233
"3067",0,"charter",767,-6.14,0.0219
"3068",1,"pier",767,-1.287,0.1498
"3085",0,"beach",772,-0.387,0.2537
"3086",0,"boat",772,-1.29,0.2339
"3087",0,"charter",772,-3.14,0.6288
"3088",1,"pier",772,-0.387,0.1498
"3093",0,"beach",774,-8.464,0.0678
"3094",0,"boat",774,-1.587,0.0559
"3095",1,"charter",774,-5.087,0.6456
"3096",0,"pier",774,-8.464,0.0789
"3105",0,"beach",777,-4.374,0.2537
"3106",0,"boat",777,-5.2488,0.2339
"3107",1,"charter",777,-7.0988,0.6288
"3108",0,"pier",777,-4.374,0.1498
"3113",0,"beach",779,-7.8302,0.5333
"3114",1,"boat",779,-4.277,0.0361
"3115",0,"charter",779,-7.777,0.4216
"3116",0,"pier",779,-7.8302,0.0069
"3121",0,"beach",781,-9.477,0.0678
"3122",0,"boat",781,-4.374,0.0108
"3123",1,"charter",781,-7.874,0.2377
"3124",0,"pier",781,-9.477,0.0025
"3125",0,"beach",782,-8.177,0.0678
"3126",0,"boat",782,-3.774,0.0559
"3127",1,"charter",782,-7.274,0.6456
"3128",0,"pier",782,-8.177,0.0789
"3129",0,"beach",783,-13.4366,0.0678
"3130",0,"boat",783,-3.174,0.1082
"3131",1,"charter",783,-6.124,0.324
"3132",0,"pier",783,-13.4366,0.0503
"3133",0,"beach",784,-5.577,0.0678
"3134",0,"boat",784,-2.574,0.0102
"3135",1,"charter",784,-6.074,0.0209
"3136",0,"pier",784,-5.577,0.0789
"3141",0,"beach",786,-4.374,0.2537
"3142",0,"boat",786,-5.2488,0.2339
"3143",0,"charter",786,-7.0988,0.6288
"3144",1,"pier",786,-4.374,0.1498
"3145",0,"beach",787,-9.477,0.0678
"3146",1,"boat",787,-4.374,0.0559
"3147",0,"charter",787,-7.874,0.6456
"3148",0,"pier",787,-9.477,0.0789
"3153",0,"beach",789,-10.777,0.0678
"3154",0,"boat",789,-4.974,0.0559
"3155",1,"charter",789,-8.474,0.6456
"3156",0,"pier",789,-10.777,0.0789
"3157",0,"beach",790,-10.8966,0.0678
"3158",0,"boat",790,-2.574,0.0143
"3159",1,"charter",790,-5.524,0.0289
"3160",0,"pier",790,-10.8966,0.0503
"3161",0,"beach",791,-2.574,0.2537
"3162",0,"boat",791,-3.0888,0.0082
"3163",0,"charter",791,-4.9388,0.0044
"3164",1,"pier",791,-2.574,0.1498
"3169",0,"beach",793,-9.477,0.0678
"3170",0,"boat",793,-4.374,0.0102
"3171",1,"charter",793,-7.874,0.0209
"3172",0,"pier",793,-9.477,0.0789
"3173",1,"beach",794,-12.5902,0.5333
"3174",0,"boat",794,-6.877,0.2413
"3175",0,"charter",794,-10.377,1.0266
"3176",0,"pier",794,-12.5902,0.4522
"3189",0,"beach",798,-6.877,0.0678
"3190",1,"boat",798,-3.174,0.0108
"3191",0,"charter",798,-6.674,0.2377
"3192",0,"pier",798,-6.877,0.0025
"3193",0,"beach",799,-10.777,0.0678
"3194",0,"boat",799,-4.974,0.0559
"3195",1,"charter",799,-8.474,0.6456
"3196",0,"pier",799,-10.777,0.0789
"3197",0,"beach",800,-9.477,0.0678
"3198",1,"boat",800,-4.374,0.0108
"3199",0,"charter",800,-7.874,0.2377
"3200",0,"pier",800,-9.477,0.0025
"3209",0,"beach",803,-4.2594,0.0678
"3210",1,"boat",803,-0.687,0.0102
"3211",0,"charter",803,-4.187,0.0209
"3212",0,"pier",803,-4.2594,0.0789
"3213",0,"beach",804,-7.9794,0.0678
"3214",0,"boat",804,-1.287,0.0559
"3215",1,"charter",804,-4.787,0.6456
"3216",0,"pier",804,-7.9794,0.0789
"3221",0,"beach",806,-15.4194,0.0678
"3222",1,"boat",806,-2.487,0.0897
"3223",0,"charter",806,-5.987,1.0905
"3224",0,"pier",806,-15.4194,0.0789
"3229",1,"beach",808,-2.487,0.2537
"3230",0,"boat",808,-10.777,0.0082
"3231",0,"charter",808,-12.627,0.0044
"3232",0,"pier",808,-2.487,0.1498
"3237",0,"beach",810,-6.1194,0.0678
"3238",0,"boat",810,-0.987,0.0559
"3239",1,"charter",810,-4.487,0.6456
"3240",0,"pier",810,-6.1194,0.0789
"3241",0,"beach",811,-1.287,0.2537
"3242",0,"boat",811,-5.577,0.2339
"3243",0,"charter",811,-7.427,0.6288
"3244",1,"pier",811,-1.287,0.1498
"3245",0,"beach",812,-7.9794,0.0678
"3246",0,"boat",812,-1.287,0.0559
"3247",1,"charter",812,-4.787,0.6456
"3248",0,"pier",812,-7.9794,0.0789
"3253",0,"beach",814,-7.9794,0.0678
"3254",0,"boat",814,-1.287,0.0897
"3255",1,"charter",814,-4.787,1.0905
"3256",0,"pier",814,-7.9794,0.0789
"3257",0,"beach",815,-55.5808,0.0678
"3258",1,"boat",815,-4.737,0.0143
"3259",0,"charter",815,-7.687,0.0289
"3260",0,"pier",815,-55.5808,0.0503
"3261",0,"beach",816,-8.0608,0.0678
"3262",1,"boat",816,-0.687,0.0143
"3263",0,"charter",816,-3.637,0.0289
"3264",0,"pier",816,-8.0608,0.0503
"3273",1,"beach",819,-1.287,0.2537
"3274",0,"boat",819,-5.577,0.0082
"3275",0,"charter",819,-7.427,0.0044
"3276",0,"pier",819,-1.287,0.1498
"3281",0,"beach",821,-11.5808,0.0678
"3282",0,"boat",821,-0.987,0.1082
"3283",1,"charter",821,-3.937,0.324
"3284",0,"pier",821,-11.5808,0.0503
"3285",1,"beach",822,-1.287,0.2537
"3286",0,"boat",822,-5.577,0.2339
"3287",0,"charter",822,-7.427,0.6288
"3288",0,"pier",822,-1.287,0.1498
"3289",0,"beach",823,-15.4194,0.0678
"3290",1,"boat",823,-2.487,0.0102
"3291",0,"charter",823,-5.987,0.0209
"3292",0,"pier",823,-15.4194,0.0789
"3293",0,"beach",824,-11.6994,0.0678
"3294",1,"boat",824,-1.887,0.0102
"3295",0,"charter",824,-5.387,0.0209
"3296",0,"pier",824,-11.6994,0.0789
"3297",1,"beach",825,-1.287,0.2537
"3298",0,"boat",825,-5.577,0.2339
"3299",0,"charter",825,-7.427,0.6288
"3300",0,"pier",825,-1.287,0.1498
"3309",1,"beach",828,-3.087,0.2537
"3310",0,"boat",828,-13.377,0.0233
"3311",0,"charter",828,-15.227,0.0219
"3312",0,"pier",828,-3.087,0.1498
"3317",0,"beach",830,-13.5594,0.0678
"3318",0,"boat",830,-2.187,0.0102
"3319",1,"charter",830,-5.687,0.0209
"3320",0,"pier",830,-13.5594,0.0789
"3321",0,"beach",831,-11.6994,0.0678
"3322",0,"boat",831,-1.887,0.0102
"3323",1,"charter",831,-5.387,0.0209
"3324",0,"pier",831,-11.6994,0.0789
"3325",0,"beach",832,-11.6994,0.0678
"3326",0,"boat",832,-1.887,0.0897
"3327",1,"charter",832,-5.387,1.0905
"3328",0,"pier",832,-11.6994,0.0789
"3333",0,"beach",834,-11.6994,0.0678
"3334",0,"boat",834,-1.887,0.0102
"3335",1,"charter",834,-5.387,0.0209
"3336",0,"pier",834,-11.6994,0.0789
"3345",0,"beach",837,-11.5808,0.0678
"3346",1,"boat",837,-0.987,0.0143
"3347",0,"charter",837,-3.937,0.0289
"3348",0,"pier",837,-11.5808,0.0503
"3377",1,"beach",845,-2.187,0.2537
"3378",0,"boat",845,-9.477,0.0233
"3379",0,"charter",845,-11.327,0.0219
"3380",0,"pier",845,-2.187,0.1498
"3381",0,"beach",846,-11.5808,0.0678
"3382",1,"boat",846,-0.987,0.1082
"3383",0,"charter",846,-3.937,0.324
"3384",0,"pier",846,-11.5808,0.0503
"3385",0,"beach",847,-13.5594,0.0678
"3386",0,"boat",847,-2.187,0.0102
"3387",1,"charter",847,-5.687,0.0209
"3388",0,"pier",847,-13.5594,0.0789
"3397",0,"beach",850,-7.9794,0.0678
"3398",0,"boat",850,-1.287,0.0897
"3399",1,"charter",850,-4.787,1.0905
"3400",0,"pier",850,-7.9794,0.0789
"3401",0,"beach",851,-2.3994,0.0678
"3402",1,"boat",851,-0.387,0.0559
"3403",0,"charter",851,-3.887,0.6456
"3404",0,"pier",851,-2.3994,0.0789
"3417",0,"beach",855,-8.0608,0.0678
"3418",1,"boat",855,-0.687,0.0732
"3419",0,"charter",855,-3.637,0.1726
"3420",0,"pier",855,-8.0608,0.0052
"3425",0,"beach",857,-8.0608,0.0678
"3426",1,"boat",857,-0.687,0.0143
"3427",0,"charter",857,-3.637,0.0289
"3428",0,"pier",857,-8.0608,0.0503
"3429",0,"beach",858,-1.287,0.2537
"3430",0,"boat",858,-5.577,0.2339
"3431",0,"charter",858,-7.427,0.6288
"3432",1,"pier",858,-1.287,0.1498
"3441",0,"beach",861,-39.7408,0.0678
"3442",1,"boat",861,-3.387,0.0143
"3443",0,"charter",861,-6.337,0.0289
"3444",0,"pier",861,-39.7408,0.0503
"3445",0,"beach",862,-7.9794,0.0678
"3446",1,"boat",862,-1.287,0.0102
"3447",0,"charter",862,-4.787,0.0209
"3448",0,"pier",862,-7.9794,0.0789
"3449",0,"beach",863,-4.2594,0.0678
"3450",0,"boat",863,-0.687,0.0559
"3451",1,"charter",863,-4.187,0.6456
"3452",0,"pier",863,-4.2594,0.0789
"3473",0,"beach",869,-4.5408,0.0678
"3474",1,"boat",869,-0.387,0.0022
"3475",0,"charter",869,-3.337,0.324
"3476",0,"pier",869,-4.5408,0.0503
"3477",0,"beach",870,-17.589,0.2537
"3478",1,"boat",870,-12.1836,0.6817
"3479",0,"charter",870,-14.6836,2.3014
"3480",0,"pier",870,-17.589,0.1498
"3481",1,"beach",871,-3.1144,0.5333
"3482",0,"boat",871,-7.0532,0.0156
"3483",0,"charter",871,-10.5532,0.0058
"3484",0,"pier",871,-3.1144,0.4522
"3485",0,"beach",872,-3.5724,0.2537
"3486",1,"boat",872,-3.1144,0.6817
"3487",0,"charter",872,-5.6144,2.3014
"3488",0,"pier",872,-3.5724,0.1498
"3489",1,"beach",873,-12.1836,0.5333
"3490",0,"boat",873,-20.3346,0.0156
"3491",0,"charter",873,-23.8346,0.0058
"3492",0,"pier",873,-12.1836,0.4522
"3501",0,"beach",876,-22.4818,0.2537
"3502",1,"boat",876,-24.5256,0.6817
"3503",0,"charter",876,-27.0256,2.3014
"3504",0,"pier",876,-22.4818,0.1498
"3505",0,"beach",877,-12.8018,0.2537
"3506",0,"boat",877,-13.9656,0.6817
"3507",1,"charter",877,-16.4656,2.3014
"3508",0,"pier",877,-12.8018,0.1498
"3513",0,"beach",879,-2.2446,0.2537
"3514",1,"boat",879,-0.387,0.7369
"3515",0,"charter",879,-2.887,2.3101
"3516",0,"pier",879,-2.2446,0.1498
"3517",0,"beach",880,-7.4646,0.2537
"3518",0,"boat",880,-1.287,0.6817
"3519",1,"charter",880,-3.787,2.3014
"3520",0,"pier",880,-7.4646,0.1498
"3521",0,"beach",881,-14.4246,0.2537
"3522",1,"boat",881,-2.487,0.0531
"3523",0,"charter",881,-4.987,0.0052
"3524",0,"pier",881,-14.4246,0.1498
"3525",1,"beach",882,-0.987,0.5333
"3526",0,"boat",882,-12.173,0.2413
"3527",0,"charter",882,-15.673,1.0266
"3528",0,"pier",882,-0.987,0.4522
"3529",0,"beach",883,-2.2446,0.2537
"3530",0,"boat",883,-0.387,0.6817
"3531",1,"charter",883,-2.887,2.3014
"3532",0,"pier",883,-2.2446,0.1498
"3533",0,"beach",884,-7.4646,0.2537
"3534",1,"boat",884,-1.287,0.7369
"3535",0,"charter",884,-3.787,2.3101
"3536",0,"pier",884,-7.4646,0.1498
"3585",0,"beach",897,-1.287,0.5333
"3586",0,"boat",897,-15.873,0.2413
"3587",0,"charter",897,-19.373,1.0266
"3588",1,"pier",897,-1.287,0.4522
"3589",0,"beach",898,-0.987,0.5333
"3590",0,"boat",898,-12.173,0.2413
"3591",0,"charter",898,-15.673,1.0266
"3592",1,"pier",898,-0.987,0.4522
"3593",0,"beach",899,-7.4646,0.2537
"3594",1,"boat",899,-1.287,0.0531
"3595",0,"charter",899,-3.787,0.0052
"3596",0,"pier",899,-7.4646,0.1498
"3597",0,"beach",900,-7.4646,0.2537
"3598",1,"boat",900,-1.287,0.7369
"3599",0,"charter",900,-3.787,2.3101
"3600",0,"pier",900,-7.4646,0.1498
"3609",0,"beach",903,-7.4646,0.2537
"3610",1,"boat",903,-1.287,0.6817
"3611",0,"charter",903,-3.787,2.3014
"3612",0,"pier",903,-7.4646,0.1498
"3613",0,"beach",904,-0.987,0.5333
"3614",0,"boat",904,-12.173,0.2413
"3615",0,"charter",904,-15.673,1.0266
"3616",1,"pier",904,-0.987,0.4522
"3625",0,"beach",907,-3.9846,0.2537
"3626",1,"boat",907,-0.687,0.0531
"3627",0,"charter",907,-3.187,0.0052
"3628",0,"pier",907,-3.9846,0.1498
"3637",0,"beach",910,-7.4646,0.2537
"3638",1,"boat",910,-1.287,0.6817
"3639",0,"charter",910,-3.787,2.3014
"3640",0,"pier",910,-7.4646,0.1498
"3649",0,"beach",913,-19.573,0.0678
"3650",0,"boat",913,-9.2046,0.0559
"3651",1,"charter",913,-12.7046,0.6456
"3652",0,"pier",913,-19.573,0.0789
"3657",0,"beach",915,-14.4246,0.2537
"3658",1,"boat",915,-2.487,0.6817
"3659",0,"charter",915,-4.987,2.3014
"3660",0,"pier",915,-14.4246,0.1498
"3669",0,"beach",918,-3.9846,0.2537
"3670",1,"boat",918,-0.687,0.0531
"3671",0,"charter",918,-3.187,0.0052
"3672",0,"pier",918,-3.9846,0.1498
"3673",0,"beach",919,-5.7246,0.2537
"3674",1,"boat",919,-0.987,0.0531
"3675",0,"charter",919,-3.487,0.0052
"3676",0,"pier",919,-5.7246,0.1498
"3677",1,"beach",920,-2.787,0.5333
"3678",0,"boat",920,-34.373,0.2413
"3679",0,"charter",920,-37.873,1.0266
"3680",0,"pier",920,-2.787,0.4522
"3689",0,"beach",923,-1.5096,0.5333
"3690",1,"boat",923,-21.386,0.0361
"3691",0,"charter",923,-24.886,0.4216
"3692",0,"pier",923,-1.5096,0.0069
"3693",0,"beach",924,-0.7896,0.5333
"3694",0,"boat",924,-11.186,0.0156
"3695",0,"charter",924,-14.686,0.0058
"3696",1,"pier",924,-0.7896,0.4522
"3709",1,"beach",928,-1.9896,0.5333
"3710",0,"boat",928,-28.186,0.2413
"3711",0,"charter",928,-31.686,1.0266
"3712",0,"pier",928,-1.9896,0.4522
"3721",0,"beach",931,-13.3776,0.2537
"3722",1,"boat",931,-2.2296,0.6817
"3723",0,"charter",931,-4.7296,2.3014
"3724",0,"pier",931,-13.3776,0.1498
"3729",0,"beach",933,-22.7376,0.2537
"3730",1,"boat",933,-3.7896,0.0531
"3731",0,"charter",933,-6.2896,0.0052
"3732",0,"pier",933,-22.7376,0.1498
"3733",1,"beach",934,-0.7896,0.5333
"3734",0,"boat",934,-11.186,0.2413
"3735",0,"charter",934,-14.686,1.0266
"3736",0,"pier",934,-0.7896,0.4522
"3737",0,"beach",935,-9.0576,0.2537
"3738",1,"boat",935,-1.5096,0.7369
"3739",0,"charter",935,-4.0096,2.3101
"3740",0,"pier",935,-9.0576,0.1498
"3741",0,"beach",936,-9.0576,0.2537
"3742",0,"boat",936,-1.5096,0.6817
"3743",1,"charter",936,-4.0096,2.3014
"3744",0,"pier",936,-9.0576,0.1498
"3749",1,"beach",938,-1.0296,0.5333
"3750",0,"boat",938,-14.586,0.2413
"3751",0,"charter",938,-18.086,1.0266
"3752",0,"pier",938,-1.0296,0.4522
"3753",0,"beach",939,-13.3776,0.2537
"3754",0,"boat",939,-2.2296,0.0531
"3755",1,"charter",939,-4.7296,0.0052
"3756",0,"pier",939,-13.3776,0.1498
"3765",1,"beach",942,-1.5096,0.5333
"3766",0,"boat",942,-21.386,0.2413
"3767",0,"charter",942,-24.886,1.0266
"3768",0,"pier",942,-1.5096,0.4522
"3769",0,"beach",943,-3.2976,0.2537
"3770",1,"boat",943,-0.5496,0.6817
"3771",0,"charter",943,-3.0496,2.3014
"3772",0,"pier",943,-3.2976,0.1498
"3773",0,"beach",944,-16.2576,0.2537
"3774",1,"boat",944,-2.7096,0.7369
"3775",0,"charter",944,-5.2096,2.3101
"3776",0,"pier",944,-16.2576,0.1498
"3785",1,"beach",947,-1.7496,0.5333
"3786",0,"boat",947,-24.786,0.0156
"3787",0,"charter",947,-28.286,0.0058
"3788",0,"pier",947,-1.7496,0.4522
"3789",0,"beach",948,-6.1776,0.2537
"3790",0,"boat",948,-1.0296,0.6817
"3791",1,"charter",948,-3.5296,2.3014
"3792",0,"pier",948,-6.1776,0.1498
"3793",0,"beach",949,-10.4976,0.2537
"3794",1,"boat",949,-1.7496,0.6817
"3795",0,"charter",949,-4.2496,2.3014
"3796",0,"pier",949,-10.4976,0.1498
"3801",0,"beach",951,-15.0174,0.2537
"3802",1,"boat",951,-4.5198,0.6817
"3803",0,"charter",951,-7.0198,2.3014
"3804",0,"pier",951,-15.0174,0.1498
"3805",1,"beach",952,-2.6598,0.5333
"3806",0,"boat",952,-17.2458,0.2413
"3807",0,"charter",952,-20.7458,1.0266
"3808",0,"pier",952,-2.6598,0.4522
"3825",1,"beach",957,-1.4198,0.5333
"3826",0,"boat",957,-9.2058,0.2413
"3827",0,"charter",957,-12.7058,1.0266
"3828",0,"pier",957,-1.4198,0.4522
"3829",0,"beach",958,-4.7174,0.2537
"3830",0,"boat",958,-1.4198,0.6817
"3831",1,"charter",958,-3.9198,2.3014
"3832",0,"pier",958,-4.7174,0.1498
"3845",0,"beach",962,-12.9574,0.2537
"3846",1,"boat",962,-3.8998,0.7369
"3847",0,"charter",962,-6.3998,2.3101
"3848",0,"pier",962,-12.9574,0.1498
"3849",0,"beach",963,-8.8374,0.2537
"3850",1,"boat",963,-2.6598,0.0531
"3851",0,"charter",963,-5.1598,0.0052
"3852",0,"pier",963,-8.8374,0.1498
"3853",1,"beach",964,-3.2798,0.5333
"3854",0,"boat",964,-21.2658,0.1665
"3855",0,"charter",964,-24.7658,0.3975
"3856",0,"pier",964,-3.2798,0.4522
"3869",0,"beach",968,-12.9574,0.2537
"3870",0,"boat",968,-3.8998,0.6817
"3871",1,"charter",968,-6.3998,2.3014
"3872",0,"pier",968,-12.9574,0.1498
"3885",0,"beach",972,-25.3174,0.2537
"3886",1,"boat",972,-7.6198,0.6817
"3887",0,"charter",972,-10.1198,2.3014
"3888",0,"pier",972,-25.3174,0.1498
"3889",0,"beach",973,-10.8974,0.2537
"3890",1,"boat",973,-3.2798,0.0531
"3891",0,"charter",973,-5.7798,0.0052
"3892",0,"pier",973,-10.8974,0.1498
"3897",0,"beach",975,-4.7174,0.2537
"3898",1,"boat",975,-1.4198,0.0531
"3899",0,"charter",975,-3.9198,0.0052
"3900",0,"pier",975,-4.7174,0.1498
"3901",0,"beach",976,-3.8998,0.5333
"3902",0,"boat",976,-25.2858,0.1665
"3903",0,"charter",976,-28.7858,0.3975
"3904",1,"pier",976,-3.8998,0.4522
"3913",1,"beach",979,-0.7998,0.5333
"3914",0,"boat",979,-5.1858,0.2413
"3915",0,"charter",979,-8.6858,1.0266
"3916",0,"pier",979,-0.7998,0.4522
"3925",0,"beach",982,-0.2322,0.5333
"3926",0,"boat",982,-5.547,0.2413
"3927",0,"charter",982,-9.047,1.0266
"3928",1,"pier",982,-0.2322,0.4522
"3933",0,"beach",984,-12.3786,0.2537
"3934",1,"boat",984,-0.9522,0.0531
"3935",0,"charter",984,-3.4522,0.0052
"3936",0,"pier",984,-12.3786,0.1498
"3941",0,"beach",986,-0.3096,0.5333
"3942",0,"boat",986,-4.386,0.2413
"3943",0,"charter",986,-7.886,1.0266
"3944",1,"pier",986,-0.3096,0.4522
"3957",0,"beach",990,-1.8576,0.2537
"3958",0,"boat",990,-0.3096,0.6817
"3959",1,"charter",990,-2.8096,2.3014
"3960",0,"pier",990,-1.8576,0.1498
"3961",0,"beach",991,-3.2976,0.2537
"3962",0,"boat",991,-0.5496,0.0531
"3963",1,"charter",991,-3.0496,0.0052
"3964",0,"pier",991,-3.2976,0.1498
"3977",0,"beach",995,-1.0296,0.5333
"3978",0,"boat",995,-14.586,0.1665
"3979",0,"charter",995,-18.086,0.3975
"3980",1,"pier",995,-1.0296,0.4522
"3989",1,"beach",998,-1.7496,0.5333
"3990",0,"boat",998,-24.786,0.2413
"3991",0,"charter",998,-28.286,1.0266
"3992",0,"pier",998,-1.7496,0.4522
"3993",0,"beach",999,-3.2976,0.2537
"3994",1,"boat",999,-0.5496,0.0531
"3995",0,"charter",999,-3.0496,0.0052
"3996",0,"pier",999,-3.2976,0.1498
"4001",0,"beach",1001,-7.6176,0.2537
"4002",1,"boat",1001,-1.2696,0.0531
"4003",0,"charter",1001,-3.7696,0.0052
"4004",0,"pier",1001,-7.6176,0.1498
"4013",0,"beach",1004,-9.0576,0.2537
"4014",1,"boat",1004,-1.5096,0.0531
"4015",0,"charter",1004,-4.0096,0.0052
"4016",0,"pier",1004,-9.0576,0.1498
"4021",0,"beach",1006,-7.6176,0.2537
"4022",1,"boat",1006,-1.2696,0.6817
"4023",0,"charter",1006,-3.7696,2.3014
"4024",0,"pier",1006,-7.6176,0.1498
"4025",0,"beach",1007,-22.7376,0.2537
"4026",1,"boat",1007,-3.7896,0.0531
"4027",0,"charter",1007,-6.2896,0.0052
"4028",0,"pier",1007,-22.7376,0.1498
"4037",1,"beach",1010,-0.7896,0.5333
"4038",0,"boat",1010,-11.186,0.2413
"4039",0,"charter",1010,-14.686,1.0266
"4040",0,"pier",1010,-0.7896,0.4522
"4041",0,"beach",1011,-3.7506,0.2537
"4042",1,"boat",1011,-0.329,0.6817
"4043",0,"charter",1011,-2.829,2.3014
"4044",0,"pier",1011,-3.7506,0.1498
"4069",0,"beach",1018,-4.9062,0.2537
"4070",0,"boat",1018,-14.9702,0.0082
"4071",0,"charter",1018,-16.8202,0.0044
"4072",1,"pier",1018,-4.9062,0.1498
"4073",0,"beach",1019,-4.9062,0.2537
"4074",0,"boat",1019,-3.145,0.7369
"4075",1,"charter",1019,-5.645,2.3101
"4076",0,"pier",1019,-4.9062,0.1498
"4077",0,"beach",1020,-2.5662,0.2537
"4078",1,"boat",1020,-1.645,0.6817
"4079",0,"charter",1020,-4.145,2.3014
"4080",0,"pier",1020,-2.5662,0.1498
"4085",0,"beach",1022,-12.6126,0.0678
"4086",1,"boat",1022,-3.3462,0.0102
"4087",0,"charter",1022,-6.8462,0.0209
"4088",0,"pier",1022,-12.6126,0.0789
"4089",1,"beach",1023,-1.145,0.5333
"4090",0,"boat",1023,-6.7326,0.2413
"4091",0,"charter",1023,-10.2326,1.0266
"4092",0,"pier",1023,-1.145,0.4522
"4101",0,"beach",1026,-8.0262,0.2537
"4102",0,"boat",1026,-5.145,0.6817
"4103",1,"charter",1026,-7.645,2.3014
"4104",0,"pier",1026,-8.0262,0.1498
"4109",1,"beach",1028,-2.645,0.5333
"4110",0,"boat",1028,-15.5526,0.2413
"4111",0,"charter",1028,-19.0526,1.0266
"4112",0,"pier",1028,-2.645,0.4522
"4117",0,"beach",1030,-4.1262,0.2537
"4118",0,"boat",1030,-2.645,0.6817
"4119",1,"charter",1030,-5.145,2.3014
"4120",0,"pier",1030,-4.1262,0.1498
"4121",1,"beach",1031,-2.145,0.5333
"4122",0,"boat",1031,-12.6126,0.2413
"4123",0,"charter",1031,-16.1126,1.0266
"4124",0,"pier",1031,-2.145,0.4522
"4129",0,"beach",1033,-6.7326,0.0678
"4130",1,"boat",1033,-1.7862,0.0897
"4131",0,"charter",1033,-5.2862,1.0905
"4132",0,"pier",1033,-6.7326,0.0789
"4133",0,"beach",1034,-3.3462,0.2537
"4134",1,"boat",1034,-2.145,0.7369
"4135",0,"charter",1034,-4.645,2.3101
"4136",0,"pier",1034,-3.3462,0.1498
"4137",0,"beach",1035,-1.7862,0.2537
"4138",0,"boat",1035,-5.4502,0.0233
"4139",0,"charter",1035,-7.3002,0.0219
"4140",1,"pier",1035,-1.7862,0.1498
"4141",1,"beach",1036,-1.145,0.5333
"4142",0,"boat",1036,-6.7326,0.2413
"4143",0,"charter",1036,-10.2326,1.0266
"4144",0,"pier",1036,-1.145,0.4522
"4149",0,"beach",1038,-1.4476,0.2537
"4150",0,"boat",1038,-2.2372,0.0531
"4151",1,"charter",1038,-4.7372,0.0052
"4152",0,"pier",1038,-1.4476,0.1498
"4153",0,"beach",1039,-34.1548,0.0678
"4154",1,"boat",1039,-3.6476,0.0143
"4155",0,"charter",1039,-6.5976,0.0289
"4156",0,"pier",1039,-34.1548,0.0503
"4157",0,"beach",1040,-3.9846,0.2537
"4158",1,"boat",1040,-0.687,0.0531
"4159",0,"charter",1040,-3.187,0.0052
"4160",0,"pier",1040,-3.9846,0.1498
"4169",1,"beach",1043,-1.587,0.5333
"4170",0,"boat",1043,-19.573,0.1665
"4171",0,"charter",1043,-23.073,0.3975
"4172",0,"pier",1043,-1.587,0.4522
"4173",0,"beach",1044,-5.7246,0.2537
"4174",0,"boat",1044,-0.987,0.7369
"4175",1,"charter",1044,-3.487,2.3101
"4176",0,"pier",1044,-5.7246,0.1498
"4213",0,"beach",1054,-0.7896,0.5333
"4214",0,"boat",1054,-11.186,0.2413
"4215",0,"charter",1054,-14.686,1.0266
"4216",1,"pier",1054,-0.7896,0.4522
"4221",0,"beach",1056,-10.4976,0.2537
"4222",0,"boat",1056,-1.7496,0.6817
"4223",1,"charter",1056,-4.2496,2.3014
"4224",0,"pier",1056,-10.4976,0.1498
"4225",0,"beach",1057,-0.7896,0.5333
"4226",0,"boat",1057,-11.186,0.2413
"4227",0,"charter",1057,-14.686,1.0266
"4228",1,"pier",1057,-0.7896,0.4522
"4229",0,"beach",1058,-7.6176,0.2537
"4230",0,"boat",1058,-1.2696,0.0531
"4231",1,"charter",1058,-3.7696,0.0052
"4232",0,"pier",1058,-7.6176,0.1498
"4241",0,"beach",1061,-14.3412,0.2537
"4242",1,"boat",1061,-4.5288,0.6817
"4243",0,"charter",1061,-7.0288,2.3014
"4244",0,"pier",1061,-14.3412,0.1498
"4257",0,"beach",1065,-12.0612,0.2537
"4258",1,"boat",1065,-3.8088,0.6817
"4259",0,"charter",1065,-6.3088,2.3014
"4260",0,"pier",1065,-12.0612,0.1498
"4261",0,"beach",1066,-9.7812,0.2537
"4262",0,"boat",1066,-3.0888,0.6817
"4263",1,"charter",1066,-5.5888,2.3014
"4264",0,"pier",1066,-9.7812,0.1498
"4265",0,"beach",1067,-3.0888,0.5333
"4266",0,"boat",1067,-18.1896,0.2413
"4267",0,"charter",1067,-21.6896,1.0266
"4268",1,"pier",1067,-3.0888,0.4522
"4277",0,"beach",1070,-18.9012,0.2537
"4278",0,"boat",1070,-5.9688,0.6817
"4279",1,"charter",1070,-8.4688,2.3014
"4280",0,"pier",1070,-18.9012,0.1498
"4281",0,"beach",1071,-5.2212,0.2537
"4282",0,"boat",1071,-1.6488,0.6817
"4283",1,"charter",1071,-4.1488,2.3014
"4284",0,"pier",1071,-5.2212,0.1498
"4285",0,"beach",1072,-7.5012,0.2537
"4286",1,"boat",1072,-2.3688,0.6817
"4287",0,"charter",1072,-4.8688,2.3014
"4288",0,"pier",1072,-7.5012,0.1498
"4289",0,"beach",1073,-35.1496,0.0678
"4290",1,"boat",1073,-18.9012,0.0897
"4291",0,"charter",1073,-22.4012,1.0905
"4292",0,"pier",1073,-35.1496,0.0789
"4293",1,"beach",1074,-3.0888,0.5333
"4294",0,"boat",1074,-18.1896,0.0156
"4295",0,"charter",1074,-21.6896,0.0058
"4296",0,"pier",1074,-3.0888,0.4522
"4297",0,"beach",1075,-6.1776,0.2537
"4298",1,"boat",1075,-1.0296,0.7369
"4299",0,"charter",1075,-3.5296,2.3101
"4300",0,"pier",1075,-6.1776,0.1498
"4305",0,"beach",1077,-1.2696,0.5333
"4306",0,"boat",1077,-17.986,0.2413
"4307",0,"charter",1077,-21.486,1.0266
"4308",1,"pier",1077,-1.2696,0.4522
"4309",0,"beach",1078,-3.2976,0.2537
"4310",0,"boat",1078,-0.5496,0.6817
"4311",1,"charter",1078,-3.0496,2.3014
"4312",0,"pier",1078,-3.2976,0.1498
"4325",0,"beach",1082,-26.7674,0.0678
"4326",1,"boat",1082,-7.6176,0.0143
"4327",0,"charter",1082,-10.5676,0.0289
"4328",0,"pier",1082,-26.7674,0.0503
"4341",0,"beach",1086,-22.7376,0.2537
"4342",1,"boat",1086,-3.7896,0.7369
"4343",0,"charter",1086,-6.2896,2.3101
"4344",0,"pier",1086,-22.7376,0.1498
"4345",0,"beach",1087,-7.6176,0.2537
"4346",0,"boat",1087,-1.2696,0.6817
"4347",1,"charter",1087,-3.7696,2.3014
"4348",0,"pier",1087,-7.6176,0.1498
"4349",0,"beach",1088,-3.2976,0.2537
"4350",0,"boat",1088,-0.5496,0.0531
"4351",1,"charter",1088,-3.0496,0.0052
"4352",0,"pier",1088,-3.2976,0.1498
"4353",0,"beach",1089,-6.1776,0.2537
"4354",0,"boat",1089,-1.0296,0.6817
"4355",1,"charter",1089,-3.5296,2.3014
"4356",0,"pier",1089,-6.1776,0.1498
"4357",0,"beach",1090,-9.0576,0.2537
"4358",1,"boat",1090,-1.5096,0.0531
"4359",0,"charter",1090,-4.0096,0.0052
"4360",0,"pier",1090,-9.0576,0.1498
"4373",1,"beach",1094,-1.7496,0.5333
"4374",0,"boat",1094,-24.786,0.2413
"4375",0,"charter",1094,-28.286,1.0266
"4376",0,"pier",1094,-1.7496,0.4522
"4377",0,"beach",1095,-9.7812,0.2537
"4378",1,"boat",1095,-3.0888,0.7369
"4379",0,"charter",1095,-5.5888,2.3101
"4380",0,"pier",1095,-9.7812,0.1498
"4381",0,"beach",1096,-1.6488,0.5333
"4382",0,"boat",1096,-9.7096,0.2413
"4383",0,"charter",1096,-13.2096,1.0266
"4384",1,"pier",1096,-1.6488,0.4522
"4385",0,"beach",1097,-7.5012,0.2537
"4386",0,"boat",1097,-2.3688,0.0531
"4387",1,"charter",1097,-4.8688,0.0052
"4388",0,"pier",1097,-7.5012,0.1498
"4393",0,"beach",1099,-7.6986,0.2537
"4394",1,"boat",1099,-0.5922,0.6817
"4395",0,"charter",1099,-3.0922,2.3014
"4396",0,"pier",1099,-7.6986,0.1498
"4397",0,"beach",1100,-6.3168,0.2537
"4398",1,"boat",1100,-1.5792,0.0531
"4399",0,"charter",1100,-4.0792,0.0052
"4400",0,"pier",1100,-6.3168,0.1498
"4401",0,"beach",1101,-8.2368,0.2537
"4402",1,"boat",1101,-2.0592,0.0531
"4403",0,"charter",1101,-4.5592,0.0052
"4404",0,"pier",1101,-8.2368,0.1498
"4405",0,"beach",1102,-0.429,0.5333
"4406",0,"boat",1102,-13.299,0.2413
"4407",0,"charter",1102,-16.799,1.0266
"4408",1,"pier",1102,-0.429,0.4522
"4409",0,"beach",1103,-7.1706,0.2537
"4410",1,"boat",1103,-0.629,0.0531
"4411",0,"charter",1103,-3.129,0.0052
"4412",0,"pier",1103,-7.1706,0.1498
"4417",1,"beach",1105,-9.4506,0.2537
"4418",0,"boat",1105,-19.3986,8e-04
"4419",0,"charter",1105,-21.2486,0.0027
"4420",0,"pier",1105,-9.4506,0.1498
"4421",0,"beach",1106,-0.129,0.5333
"4422",0,"boat",1106,-3.999,0.0051
"4423",0,"charter",1106,-7.499,1.0266
"4424",1,"pier",1106,-0.129,0.4522
"4429",0,"beach",1108,-4.8906,0.2537
"4430",0,"boat",1108,-0.429,0.6817
"4431",1,"charter",1108,-2.929,2.3014
"4432",0,"pier",1108,-4.8906,0.1498
"4441",0,"beach",1111,-0.329,0.5333
"4442",0,"boat",1111,-10.199,0.2413
"4443",0,"charter",1111,-13.699,1.0266
"4444",1,"pier",1111,-0.329,0.4522
"4445",0,"beach",1112,-4.8906,0.2537
"4446",0,"boat",1112,-0.429,0.6817
"4447",1,"charter",1112,-2.929,2.3014
"4448",0,"pier",1112,-4.8906,0.1498
"4449",0,"beach",1113,-2.6106,0.2537
"4450",0,"boat",1113,-0.229,0.6817
"4451",1,"charter",1113,-2.729,2.3014
"4452",0,"pier",1113,-2.6106,0.1498
"4461",0,"beach",1116,-4.8906,0.2537
"4462",0,"boat",1116,-0.429,0.6817
"4463",1,"charter",1116,-2.929,2.3014
"4464",0,"pier",1116,-4.8906,0.1498
"4469",0,"beach",1118,-0.629,0.5333
"4470",0,"boat",1118,-19.499,0.0156
"4471",0,"charter",1118,-22.999,0.0058
"4472",1,"pier",1118,-0.629,0.4522
"4473",0,"beach",1119,-18.0006,0.2537
"4474",1,"boat",1119,-1.579,0.7369
"4475",0,"charter",1119,-4.079,2.3101
"4476",0,"pier",1119,-18.0006,0.1498
"4481",1,"beach",1121,-0.429,0.5333
"4482",0,"boat",1121,-13.299,0.2413
"4483",0,"charter",1121,-16.799,1.0266
"4484",0,"pier",1121,-0.429,0.4522
"4485",0,"beach",1122,-20.4204,0.0678
"4486",1,"boat",1122,-4.8906,0.0732
"4487",0,"charter",1122,-7.8406,0.1726
"4488",0,"pier",1122,-20.4204,0.0052
"4497",0,"beach",1125,-6.0306,0.2537
"4498",0,"boat",1125,-0.529,0.7369
"4499",1,"charter",1125,-3.029,2.3101
"4500",0,"pier",1125,-6.0306,0.1498
"4505",0,"beach",1127,-0.429,0.5333
"4506",0,"boat",1127,-13.299,0.0156
"4507",0,"charter",1127,-16.799,0.0058
"4508",1,"pier",1127,-0.429,0.4522
"4513",0,"beach",1129,-6.0306,0.2537
"4514",0,"boat",1129,-0.529,0.0531
"4515",1,"charter",1129,-3.029,0.0052
"4516",0,"pier",1129,-6.0306,0.1498
"4521",0,"beach",1131,-0.329,0.5333
"4522",0,"boat",1131,-10.199,0.2413
"4523",0,"charter",1131,-13.699,1.0266
"4524",1,"pier",1131,-0.329,0.4522
"4525",0,"beach",1132,-4.8906,0.2537
"4526",0,"boat",1132,-0.429,0.7369
"4527",1,"charter",1132,-2.929,2.3101
"4528",0,"pier",1132,-4.8906,0.1498
"4533",0,"beach",1134,-7.1706,0.2537
"4534",1,"boat",1134,-0.629,0.6817
"4535",0,"charter",1134,-3.129,2.3014
"4536",0,"pier",1134,-7.1706,0.1498
"4541",0,"beach",1136,-10.199,0.0678
"4542",1,"boat",1136,-3.7506,0.0102
"4543",0,"charter",1136,-7.2506,0.0209
"4544",0,"pier",1136,-10.199,0.0789
"4553",0,"beach",1139,-6.0306,0.2537
"4554",1,"boat",1139,-0.529,0.7369
"4555",0,"charter",1139,-3.029,2.3101
"4556",0,"pier",1139,-6.0306,0.1498
"4557",0,"beach",1140,-7.1706,0.2537
"4558",1,"boat",1140,-0.629,0.6817
"4559",0,"charter",1140,-3.129,2.3014
"4560",0,"pier",1140,-7.1706,0.1498
"4561",0,"beach",1141,-7.1706,0.2537
"4562",1,"boat",1141,-0.629,0.6817
"4563",0,"charter",1141,-3.129,2.3014
"4564",0,"pier",1141,-7.1706,0.1498
"4565",0,"beach",1142,-0.429,0.5333
"4566",1,"boat",1142,-13.299,0.0156
"4567",0,"charter",1142,-16.799,0.0058
"4568",0,"pier",1142,-0.429,0.4522
"4573",0,"beach",1144,-4.8906,0.2537
"4574",0,"boat",1144,-0.429,0.6817
"4575",1,"charter",1144,-2.929,2.3014
"4576",0,"pier",1144,-4.8906,0.1498
"4581",0,"beach",1146,-18.0006,0.2537
"4582",0,"boat",1146,-1.579,0.7369
"4583",1,"charter",1146,-4.079,2.3101
"4584",0,"pier",1146,-18.0006,0.1498
"4585",0,"beach",1147,-8.3106,0.2537
"4586",0,"boat",1147,-0.729,0.6817
"4587",1,"charter",1147,-3.229,2.3014
"4588",0,"pier",1147,-8.3106,0.1498
"4597",0,"beach",1150,-9.4506,0.2537
"4598",0,"boat",1150,-0.829,0.6817
"4599",1,"charter",1150,-3.329,2.3014
"4600",0,"pier",1150,-9.4506,0.1498
"4605",0,"beach",1152,-16.399,0.0678
"4606",1,"boat",1152,-6.0306,0.0102
"4607",0,"charter",1152,-9.5306,0.0209
"4608",0,"pier",1152,-16.399,0.0789
"4609",0,"beach",1153,-7.1706,0.2537
"4610",1,"boat",1153,-0.629,0.0531
"4611",0,"charter",1153,-3.129,0.0052
"4612",0,"pier",1153,-7.1706,0.1498
"4613",1,"beach",1154,-10.5906,0.2537
"4614",0,"boat",1154,-21.7386,0.0233
"4615",0,"charter",1154,-23.5886,0.0219
"4616",0,"pier",1154,-10.5906,0.1498
"4621",0,"beach",1156,-0.229,0.5333
"4622",0,"boat",1156,-7.099,0.2413
"4623",0,"charter",1156,-10.599,1.0266
"4624",1,"pier",1156,-0.229,0.4522
"4625",0,"beach",1157,-9.4506,0.2537
"4626",0,"boat",1157,-0.829,0.6817
"4627",1,"charter",1157,-3.329,2.3014
"4628",0,"pier",1157,-9.4506,0.1498
"4637",1,"beach",1160,-1.8876,0.2537
"4638",0,"boat",1160,-8.151,0.2339
"4639",0,"charter",1160,-10.001,0.6288
"4640",0,"pier",1160,-1.8876,0.1498
"4645",0,"beach",1162,-3.2076,0.2537
"4646",0,"boat",1162,-4.9572,0.6817
"4647",1,"charter",1162,-7.4572,2.3014
"4648",0,"pier",1162,-3.2076,0.1498
"4649",0,"beach",1163,-14.3412,0.2537
"4650",1,"boat",1163,-4.5288,0.0531
"4651",0,"charter",1163,-7.0288,0.0052
"4652",0,"pier",1163,-14.3412,0.1498
"4653",0,"beach",1164,-2.3276,0.2537
"4654",0,"boat",1164,-10.051,0.0082
"4655",0,"charter",1164,-11.901,0.0044
"4656",1,"pier",1164,-2.3276,0.1498
"4661",0,"beach",1166,-9.7812,0.2537
"4662",0,"boat",1166,-3.0888,0.6817
"4663",1,"charter",1166,-5.5888,2.3014
"4664",0,"pier",1166,-9.7812,0.1498
"4681",0,"beach",1171,-25.515,0.5333
"4682",1,"boat",1171,-10.6434,0.2413
"4683",0,"charter",1171,-14.1434,1.0266
"4684",0,"pier",1171,-25.515,0.4522
"4697",0,"beach",1175,-9.1834,0.0678
"4698",1,"boat",1175,-8.6802,0.0102
"4699",0,"charter",1175,-12.1802,0.0209
"4700",0,"pier",1175,-9.1834,0.0789
"4705",1,"beach",1177,-12.1836,0.5333
"4706",0,"boat",1177,-20.3346,0.2413
"4707",0,"charter",1177,-23.8346,1.0266
"4708",0,"pier",1177,-12.1836,0.4522
"4709",0,"beach",1178,-15.0236,0.5333
"4710",0,"boat",1178,-25.0746,0.2413
"4711",0,"charter",1178,-28.5746,1.0266
"4712",1,"pier",1178,-15.0236,0.4522
"4721",1,"beach",1181,-3.6636,0.5333
"4722",0,"boat",1181,-6.1146,0.1665
"4723",0,"charter",1181,-9.6146,0.3975
"4724",0,"pier",1181,-3.6636,0.4522
"4725",0,"beach",1182,-33.989,0.2537
"4726",1,"boat",1182,-23.5436,0.6817
"4727",0,"charter",1182,-26.0436,2.3014
"4728",0,"pier",1182,-33.989,0.1498
